timestamp,action,channel_id,channel_name,count
2025-12-09 02:51:04,resolve_id,UChxtIA33ty53Hh4MmkXNASg,mikimiki web スクール,0
2025-12-09 02:51:05,resolve_id,UCpUQnk6MaY4o3NdgJmv10cw,いけともch,0
2025-12-09 02:51:05,resolve_id,UCfapRkagDtoQEkGeyD3uERQ,KEITO【AI&WEB ch】,0
2025-12-09 02:51:05,resolve_id,UCbxNKPuL7G3M_Zjt03d2IYA,#usutaku_channel,0
2025-12-09 02:51:06,resolve_id,UClNZUVnSFRKKUfJYarEUqdA,ウェブ職TV,0
2025-12-09 02:51:06,resolve_id,UC8IWoNfegB72Q2nT9GJy2zQ,セイト先生のWeb・ITエンジニア転職ラボ,0
2025-12-09 02:51:06,resolve_id,UC452hry4DI_pDn_CVT9ZKhQ,だれでもエンジニア / 山浦清透,0
2025-12-09 02:51:07,resolve_id,UCNTxclE0N4qsUuirssL_D8w,プログラミングチュートリアル,0
2025-12-09 02:51:07,resolve_id,UCZQVTC3uLCyuJUOcRlguazA,にゃんたのAIチャンネル,0
2025-12-09 02:51:07,resolve_id,UCCIPlDofGZVef3HArQBRrEw,【さき】のAIでええやん。,0
2025-12-09 02:51:07,resolve_id,UCWMrA-2fEycFnOwqzzdwWuQ,かいちのAI大学【株式会社Saix】,0
2025-12-09 02:51:08,resolve_id,UCXo1SsIDZ_dke2Nr1r3qk6w,AI大学【AI&ChatGPT最新情報】,0
2025-12-09 02:51:08,resolve_id,UC9AuyS7U4PxeDSNMJ2srarA,AIでサボろうチャンネル,0
2025-12-09 02:51:08,resolve_id,UC9buL3Iph_f7AZxdzmiBL8Q,チャエン【AI研究所】,0
2025-12-09 02:51:09,resolve_id,UC2NOk8DQ-KLc9ticdLPiOXQ,Rei丨暮らしとNotion。,0
2025-12-09 02:51:09,resolve_id,UCx3CHuiy-14g2y4hqkpnebQ,Akiyama Yuta(AI活用術),0
2025-12-09 02:51:09,resolve_id,UC-6PArqgIb3ttTQWgqVgebg,AIツールの達人,0
2025-12-09 02:51:09,resolve_id,UCRxPq02pjQS_ax60gcTSDHQ,AI仙人【AI歴10年】,0
2025-12-09 02:51:10,resolve_id,UCvHpETRVi1tXeRJoYiXHJqw,まさおAIじっくり解説ch,0
2025-12-09 02:51:10,resolve_id,UC6eCFcJpPFNP_P6Y0bKHqKg,taishiyade@元シリコンバレーCTO,0
2025-12-09 02:51:10,resolve_id,UC8FwuifT73FtnO93ZUNSoLg,ダイさん・AI活用の専門家,0
2025-12-09 02:51:10,resolve_id,UCQS_En3RoNVc4z-77tEkzaA,たくむ【AI効率化】,0
2025-12-09 02:51:11,resolve_id,UC4nPvEed6-yII4LNxml8r_w,あやや の ITスキルアップ塾,0
2025-12-09 02:51:11,resolve_id,UCvHWXCArRIMGcIpoQCUfaXA,スマート仕事術研究所【スマ研】,0
2025-12-09 02:51:11,resolve_id,UCfElKzihodObRfXusuixUPw,ぶべの開発日記,0
2025-12-09 02:51:11,resolve_id,UC33i4L38BFXWc2DDFv0n29Q,Oh my week,0
2025-12-09 02:51:12,resolve_id,UCPmTf7gZcJD9Fk6t781ZO2Q,としのフリーランス養成所,0
2025-12-09 02:51:12,resolve_id,UCoY_sFxwRUcwzQU74ofqQWg,ジェネトピ | AIラジオ,0
2025-12-09 02:51:12,resolve_id,UCjQ3Ha4-lnsXchctRKU53lQ,Kyohei - OSS 外資IT,0
2025-12-09 02:51:13,resolve_id,UCSWagA2ldGIvlkip01H--dg,AIチュートリアル | いしだ,0
2025-12-09 02:51:13,resolve_id,UC8HllGWXajG0eF3WfZzwhmA,TomorrowProof / トゥモロープルーフ,0
2025-12-09 02:51:13,resolve_id,UCPZXI_bQhZpcUzDxBg_HCJg,ミナト【有益AI活用ch】,0
2025-12-09 02:51:14,resolve_id,UCwpnuej7z7zpNfYMEDh2loQ,れん@AIでアプリ開発,0
2025-12-09 02:51:14,resolve_id,UCVUzKOty5gHMAgHsoMc1_Hw,Yuta | AIにとことん触るチャンネル,0
2025-12-09 02:51:14,resolve_id,UCKNiT_HYgBWMcFjaxZBpduQ,AIコーディング実況 / 三森一輝,0
2025-12-09 02:51:35,fetch_videos,UChxtIA33ty53Hh4MmkXNASg,mikimiki web スクール,25
2025-12-09 02:51:36,fetch_videos,UCpUQnk6MaY4o3NdgJmv10cw,いけともch,10
2025-12-09 02:51:36,fetch_videos,UCfapRkagDtoQEkGeyD3uERQ,KEITO【AI&WEB ch】,10
2025-12-09 02:51:36,fetch_videos,UCbxNKPuL7G3M_Zjt03d2IYA,#usutaku_channel,10
2025-12-09 02:51:37,fetch_videos,UClNZUVnSFRKKUfJYarEUqdA,ウェブ職TV,18
2025-12-09 02:51:37,fetch_videos,UC8IWoNfegB72Q2nT9GJy2zQ,セイト先生のWeb・ITエンジニア転職ラボ,25
2025-12-09 02:51:38,fetch_videos,UC452hry4DI_pDn_CVT9ZKhQ,だれでもエンジニア / 山浦清透,10
2025-12-09 02:51:38,fetch_videos,UCNTxclE0N4qsUuirssL_D8w,プログラミングチュートリアル,10
2025-12-09 02:51:38,fetch_videos,UCZQVTC3uLCyuJUOcRlguazA,にゃんたのAIチャンネル,10
2025-12-09 02:51:39,fetch_videos,UCCIPlDofGZVef3HArQBRrEw,【さき】のAIでええやん。,10
2025-12-09 02:51:39,fetch_videos,UCWMrA-2fEycFnOwqzzdwWuQ,かいちのAI大学【株式会社Saix】,10
2025-12-09 02:51:39,fetch_videos,UCXo1SsIDZ_dke2Nr1r3qk6w,AI大学【AI&ChatGPT最新情報】,25
2025-12-09 02:51:40,fetch_videos,UC9AuyS7U4PxeDSNMJ2srarA,AIでサボろうチャンネル,10
2025-12-09 02:51:40,fetch_videos,UC9buL3Iph_f7AZxdzmiBL8Q,チャエン【AI研究所】,10
2025-12-09 02:51:40,fetch_videos,UC2NOk8DQ-KLc9ticdLPiOXQ,Rei丨暮らしとNotion。,10
2025-12-09 02:51:40,fetch_videos,UCx3CHuiy-14g2y4hqkpnebQ,Akiyama Yuta(AI活用術),10
2025-12-09 02:51:41,fetch_videos,UC-6PArqgIb3ttTQWgqVgebg,AIツールの達人,10
2025-12-09 02:51:41,fetch_videos,UCRxPq02pjQS_ax60gcTSDHQ,AI仙人【AI歴10年】,5
2025-12-09 02:51:42,fetch_videos,UCvHpETRVi1tXeRJoYiXHJqw,まさおAIじっくり解説ch,10
2025-12-09 02:51:42,fetch_videos,UC6eCFcJpPFNP_P6Y0bKHqKg,taishiyade@元シリコンバレーCTO,10
2025-12-09 02:51:42,fetch_videos,UC8FwuifT73FtnO93ZUNSoLg,ダイさん・AI活用の専門家,10
2025-12-09 02:51:42,fetch_videos,UCQS_En3RoNVc4z-77tEkzaA,たくむ【AI効率化】,10
2025-12-09 02:51:43,fetch_videos,UC4nPvEed6-yII4LNxml8r_w,あやや の ITスキルアップ塾,10
2025-12-09 02:51:43,fetch_videos,UCvHWXCArRIMGcIpoQCUfaXA,スマート仕事術研究所【スマ研】,2
2025-12-09 02:51:43,fetch_videos,UCfElKzihodObRfXusuixUPw,ぶべの開発日記,10
2025-12-09 02:51:44,fetch_videos,UC33i4L38BFXWc2DDFv0n29Q,Oh my week,10
2025-12-09 02:51:44,fetch_videos,UCPmTf7gZcJD9Fk6t781ZO2Q,としのフリーランス養成所,10
2025-12-09 02:51:44,fetch_videos,UCoY_sFxwRUcwzQU74ofqQWg,ジェネトピ | AIラジオ,1
2025-12-09 02:51:44,fetch_videos,UCjQ3Ha4-lnsXchctRKU53lQ,Kyohei - OSS 外資IT,10
2025-12-09 02:51:45,fetch_videos,UCSWagA2ldGIvlkip01H--dg,AIチュートリアル | いしだ,10
2025-12-09 02:51:45,fetch_videos,UC8HllGWXajG0eF3WfZzwhmA,TomorrowProof / トゥモロープルーフ,25
2025-12-09 02:51:46,fetch_videos,UCPZXI_bQhZpcUzDxBg_HCJg,ミナト【有益AI活用ch】,8
2025-12-09 02:51:46,fetch_videos,UCwpnuej7z7zpNfYMEDh2loQ,れん@AIでアプリ開発,10
2025-12-09 02:51:46,fetch_videos,UCVUzKOty5gHMAgHsoMc1_Hw,Yuta | AIにとことん触るチャンネル,10
2025-12-09 02:51:47,fetch_videos,UCKNiT_HYgBWMcFjaxZBpduQ,AIコーディング実況 / 三森一輝,10
