video_id,channel_id,channel_name,title,view_count,like_count,comment_count,published_at,fetched_at,subscriber_count_at_fetch,performance_ratio
J9QdxiZb8P4,UChxtIA33ty53Hh4MmkXNASg,mikimiki web スクール,【2025年最新版】超初心者OK！ChatGPTの使い方・基礎をわかりやすく解説！(資料付き),709671,6925,38,2024-12-09T11:03:54Z,2025-12-09 02:51:35,351000,2.02
zXwfN9sHcfY,UChxtIA33ty53Hh4MmkXNASg,mikimiki web スクール,【最新】超初心者向け！Canvaの使い方を分かりやすく解説します【文字/図形/写真/素材/ダウンロード】,283925,3785,68,2022-09-04T12:02:38Z,2025-12-09 02:51:35,351000,0.81
28k1EDWQk8s,UChxtIA33ty53Hh4MmkXNASg,mikimiki web スクール,【2024年最新版】超初心者OK! Instagram（インスタグラム）の始め方・基礎講座【登録/プロフィール書き方/投稿のコツ/ストーリーズ活用法/リール】,217347,2287,14,2024-05-19T10:35:23Z,2025-12-09 02:51:35,351000,0.62
wVf1wuIFH3A,UChxtIA33ty53Hh4MmkXNASg,mikimiki web スクール,【2025年最新】超初心者さんOK！Canva使い方入門・基礎をわかりやすく解説,204387,2724,19,2025-06-10T10:19:44Z,2025-12-09 02:51:35,351000,0.58
swFr6Z0v8cs,UChxtIA33ty53Hh4MmkXNASg,mikimiki web スクール,【最新】バズりやすいSNS！TikTokの始め方・使い方をわかりやすく解説,199370,2470,78,2022-05-11T10:00:26Z,2025-12-09 02:51:35,351000,0.57
CXEF7yw23IA,UChxtIA33ty53Hh4MmkXNASg,mikimiki web スクール,【3秒で図解生成】無料で使える図解・資料生成AI「Napkin AI」が驚愕レベルなので徹底解説！,179620,3404,26,2024-09-06T10:54:39Z,2025-12-09 02:51:35,351000,0.51
D5Clb05xPks,UChxtIA33ty53Hh4MmkXNASg,mikimiki web スクール,【プロンプトもう不要】 完全自動 Auto-GPTのインストール方法・使い方全手順,173825,3587,128,2023-04-11T11:29:44Z,2025-12-09 02:51:35,351000,0.5
PtTLih7b57M,UChxtIA33ty53Hh4MmkXNASg,mikimiki web スクール,【遂にキタ】Instagram最新の収益化方法が発表！広告収益できる方法を解説します【資料付き】,173808,2726,48,2024-06-24T10:51:49Z,2025-12-09 02:51:35,351000,0.5
zLOFEtuYymc,UChxtIA33ty53Hh4MmkXNASg,mikimiki web スクール,【スマホ版・動画編集】Canvaで作るInstagramリールの作り方（TikTok/YouTubeショート用にもOK）,167164,2664,24,2022-12-15T11:42:57Z,2025-12-09 02:51:35,351000,0.48
NHro2X02_ME,UChxtIA33ty53Hh4MmkXNASg,mikimiki web スクール,【有料級】LINE公式アカウントで出来る10の事・使い方全手順,139388,2403,20,2022-06-18T12:01:12Z,2025-12-09 02:51:35,351000,0.4
U-j695NJLCw,UChxtIA33ty53Hh4MmkXNASg,mikimiki web スクール,【完全！有料級】WordPressテーマ「SWELL」を使ったサイト型トップページの始め方・作り方（ドメイン/サーバー契約/初期設定手順全て解説）,133265,1685,36,2022-08-24T01:48:28Z,2025-12-09 02:51:35,351000,0.38
PFr2rmMOAEg,UChxtIA33ty53Hh4MmkXNASg,mikimiki web スクール,【超速報・ChatGPTから乗り換え決定！？】ついに使えるようになったMicrosoft「Copilot Pro」が超絶使えるので徹底レビュー！（Word・Excel・パワポユーザー必見👀）,132792,1531,30,2024-01-17T10:47:19Z,2025-12-09 02:51:35,351000,0.38
3af93doTdYY,UChxtIA33ty53Hh4MmkXNASg,mikimiki web スクール,【超便利‼️】ChatGPT「4o Image Generation」×「Canva」を使ってクリエイティブ業務を超効率化する方法,131147,2082,18,2025-04-04T10:15:01Z,2025-12-09 02:51:35,351000,0.37
7DkEl0kiD9g,UChxtIA33ty53Hh4MmkXNASg,mikimiki web スクール,【2025年最新版】超初心者OK！ChatGPT・GPT-5の使い方・基礎をわかりやすく徹底解説(資料・プロンプト集付き),115275,1518,20,2025-08-15T10:40:32Z,2025-12-09 02:51:35,351000,0.33
gdTVgKYhoBo,UChxtIA33ty53Hh4MmkXNASg,mikimiki web スクール,【超効率化‼️】ChatGPT×NotebookLM×Gemini2.5 Proを使って業務の生産性を爆上げする方法を徹底解説します,110588,2146,15,2025-05-21T10:31:56Z,2025-12-09 02:51:35,351000,0.32
P27yZrkPnAM,UChxtIA33ty53Hh4MmkXNASg,mikimiki web スクール,【初心者向け】イラストレーター〜名刺を作る手順〜-Adobe Illustrator-【徹底解説】（#35 ）,109369,1376,43,2020-02-02T11:10:18Z,2025-12-09 02:51:35,351000,0.31
QmeHIcHBmA4,UChxtIA33ty53Hh4MmkXNASg,mikimiki web スクール,【無料で作成】CanvaでAIアバターを喋らせる！新時代のAIプレゼン術,109078,1499,17,2023-08-13T09:55:24Z,2025-12-09 02:51:35,351000,0.31
eywnCVeh6f0,UChxtIA33ty53Hh4MmkXNASg,mikimiki web スクール,【SEO終了】2025年最大のAIトレンド「LLMO」を徹底解説！（AI時代の最強戦略）,108728,1915,23,2025-06-07T11:09:07Z,2025-12-09 02:51:35,351000,0.31
ncp_TokyLE4,UChxtIA33ty53Hh4MmkXNASg,mikimiki web スクール,【最新版】LINE公式アカウントで出来ること・使い方を徹底解説,101439,1510,14,2024-09-01T10:58:34Z,2025-12-09 02:51:35,351000,0.29
UlnWqOWolPo,UChxtIA33ty53Hh4MmkXNASg,mikimiki web スクール,ブログやホームページに使える！webデザイナー愛用の無料写真素材サイト6選(#68),100113,3277,37,2020-04-10T12:22:43Z,2025-12-09 02:51:35,351000,0.29
BSVOxIXM6sk,UChxtIA33ty53Hh4MmkXNASg,mikimiki web スクール,【入門】WEBデザイナーとして月5万稼ぐ手順〜ステップマップ付き〜（#27）,98763,2076,22,2020-01-19T11:00:02Z,2025-12-09 02:51:35,351000,0.28
6AuYxxY7Z0E,UChxtIA33ty53Hh4MmkXNASg,mikimiki web スクール,【Microsoftの本気が凄い】パワポ・エクセルにGPT-4が搭載！Microsoft365 Copilotって？,98663,1521,15,2023-03-20T11:42:52Z,2025-12-09 02:51:35,351000,0.28
1FBJWAuIw_0,UChxtIA33ty53Hh4MmkXNASg,mikimiki web スクール,【顔出しなしOK】完全無料！Canva×ChatGPTを使って本格的なアニメーション動画を作成する方法・全手順,94278,2136,19,2024-06-28T10:50:09Z,2025-12-09 02:51:35,351000,0.27
0QwADNufHP8,UChxtIA33ty53Hh4MmkXNASg,mikimiki web スクール,【完全版】最新トレンドを押さえたInstagram（インスタ）投稿デザインをCanvaで作る方法・完全解説【資料付き】,90660,1506,14,2024-02-24T10:07:49Z,2025-12-09 02:51:35,351000,0.26
rSNN6dkzkB4,UChxtIA33ty53Hh4MmkXNASg,mikimiki web スクール,【2024年最新版】CapCutでバズる動画作成全手順！Instagramリール作成・完全攻略ガイド（TikTok/YouTubeショートにもOK!）,90210,1735,31,2024-01-15T10:36:39Z,2025-12-09 02:51:35,351000,0.26
sua9dOk2blg,UCpUQnk6MaY4o3NdgJmv10cw,いけともch,【知らない人多すぎ】作業効率が劇的に上がる最新ChatGPT活用術20選！全部使いこなせたら作業効率2～3倍は間違いない,549334,11330,176,2024-10-08T10:00:59Z,2025-12-09 02:51:36,191000,2.88
o46BXVbTXEs,UCpUQnk6MaY4o3NdgJmv10cw,いけともch,【保存版】ChatGPTの使い方 定番の質問文47コ～3つの要素･8つのパターンを理解し、AIチャットを使いこなす！,424226,7745,183,2023-02-19T11:00:28Z,2025-12-09 02:51:36,191000,2.22
OAr7HSYnJh4,UCpUQnk6MaY4o3NdgJmv10cw,いけともch,2025年これから流行る便利AIツール9選～ChatGPT以外にも知っておきたい生成AIツールまとめ,373961,6697,133,2024-09-19T10:00:24Z,2025-12-09 02:51:36,191000,1.96
s492RG0EdyI,UCpUQnk6MaY4o3NdgJmv10cw,いけともch,ChatGPTでの仕事時短術5選～仕事の生産性をChatGPTで上げたい人、必見！,330094,3970,49,2023-12-26T11:00:42Z,2025-12-09 02:51:36,191000,1.73
7pMLBh1P-w4,UCpUQnk6MaY4o3NdgJmv10cw,いけともch,【AIコンサル社長が厳選！】1位のツールは特に使える！#生成ai  #ai  #aiツール  #gamma #sunoai #mapify #notebooklm  #perplexity #gpt,384865,10727,47,2024-10-29T11:00:07Z,2025-12-09 02:51:36,191000,2.02
UIyokWUJHck,UCpUQnk6MaY4o3NdgJmv10cw,いけともch,【保存版】ChatGPT 2025年最新入門～6つのステップでChatGPTの基礎～応用機能までマスター！ChatGPT無料版に対応！これから始める初心者も、多少使ったことがある中級者も,233293,3871,114,2025-01-04T01:00:28Z,2025-12-09 02:51:36,191000,1.22
ZrQW4UrR3w8,UCpUQnk6MaY4o3NdgJmv10cw,いけともch,【無料のパソコン自動化ツール】Power Automate for Desktopの使い方を徹底解説,227437,2333,91,2022-10-23T11:00:34Z,2025-12-09 02:51:36,191000,1.19
8NHc317J-rg,UCpUQnk6MaY4o3NdgJmv10cw,いけともch,Googleドライブの使い方を最短で覚える方法をプロが徹底解説【PC/スマホ】,187082,1705,113,2022-03-11T11:00:07Z,2025-12-09 02:51:36,191000,0.98
bxOOE6QTCv4,UCpUQnk6MaY4o3NdgJmv10cw,いけともch,【必見】ChatGPT最新の仕事術～知っておきたい5つのパターン＆10の活用事例,154060,1662,26,2024-05-29T11:00:29Z,2025-12-09 02:51:36,191000,0.81
Q2AQUXbdhO8,UCpUQnk6MaY4o3NdgJmv10cw,いけともch,Zoomの使い方・始め方を分かりやすく解説。リモートワークをする人にオススメ！,144367,1256,119,2022-01-14T11:00:13Z,2025-12-09 02:51:36,191000,0.76
lSMj7D8hX0c,UCfapRkagDtoQEkGeyD3uERQ,KEITO【AI&WEB ch】,AIで機能付きWEBサイト出来るの凄い❗️ #chatgpt #create,345154,13148,28,2024-04-02T12:00:45Z,2025-12-09 02:51:36,175000,1.97
nY0LCJdoCic,UCfapRkagDtoQEkGeyD3uERQ,KEITO【AI&WEB ch】,【早く知りたかった】ChatGPTを賢くする魔法の言葉 #ライフハック,290222,12817,39,2024-05-26T11:32:47Z,2025-12-09 02:51:36,175000,1.66
4shjUSh9DTQ,UCfapRkagDtoQEkGeyD3uERQ,KEITO【AI&WEB ch】,【Google最強AI】NotebookLM完全ガイド！この動画1本で使い方と活用方法が理解できる,220478,4148,55,2025-04-27T08:06:04Z,2025-12-09 02:51:36,175000,1.26
yASIUWNZkQI,UCfapRkagDtoQEkGeyD3uERQ,KEITO【AI&WEB ch】,OpenAIの機能を使えばChatGPTのプロンプトの勉強はいりません！,164744,4326,105,2024-10-03T11:01:07Z,2025-12-09 02:51:36,175000,0.94
ZvA9qsEFVTM,UCfapRkagDtoQEkGeyD3uERQ,KEITO【AI&WEB ch】,【知らないと損】ChatGPTに一言伝えるだけで回答が良くなる魔法の言葉20選（有料級）,158580,5050,63,2024-10-12T10:12:21Z,2025-12-09 02:51:36,175000,0.91
utV-n8reqeQ,UCfapRkagDtoQEkGeyD3uERQ,KEITO【AI&WEB ch】,日本語精度No.1の生成AIはこれ❗️,166418,4794,48,2024-06-04T11:35:14Z,2025-12-09 02:51:36,175000,0.95
J4NhtqReyl8,UCfapRkagDtoQEkGeyD3uERQ,KEITO【AI&WEB ch】,無料の神ツール「Google AI Studio」徹底解説【この動画1本で理解できる】Gemini 2.5 Proの活用方法やBuild Apps機能など,139484,2512,53,2025-06-09T09:53:27Z,2025-12-09 02:51:36,175000,0.8
XFpjCjYn9fw,UCfapRkagDtoQEkGeyD3uERQ,KEITO【AI&WEB ch】,"【衝撃】ChatGPTで作った歌詞をAIがリズム良く""歌い""だす【自動音楽生成】",109587,2192,122,2023-05-09T09:23:54Z,2025-12-09 02:51:36,175000,0.63
7MDhLh-AaQw,UCfapRkagDtoQEkGeyD3uERQ,KEITO【AI&WEB ch】,【保存版】ChatGPT攻略！AI活用事例やチャットGPTの機能一覧など【基礎〜応用まで丁寧に解説】,106909,1750,42,2025-01-05T10:40:10Z,2025-12-09 02:51:36,175000,0.61
d51AVu6EVIQ,UCfapRkagDtoQEkGeyD3uERQ,KEITO【AI&WEB ch】,事実確認に特化した最強AIエージェント！Genspark Autopilot Agent,106808,5036,40,2024-09-22T10:00:37Z,2025-12-09 02:51:36,175000,0.61
2S1YKoHUKxs,UCbxNKPuL7G3M_Zjt03d2IYA,#usutaku_channel,NotionAIで効率よく授業を受ける大学生,3316996,110993,702,2024-03-02T13:49:58Z,2025-12-09 02:51:36,157000,21.13
A86J1DtC-3Q,UCbxNKPuL7G3M_Zjt03d2IYA,#usutaku_channel,ChatGPTでグラフやアニメーションを自動で生成する,1046927,29783,258,2024-03-08T12:48:23Z,2025-12-09 02:51:36,157000,6.67
frx0dHjzxdc,UCbxNKPuL7G3M_Zjt03d2IYA,#usutaku_channel,AIの力でグループワークを無双する就活生,1076828,34872,257,2024-05-02T15:29:49Z,2025-12-09 02:51:36,157000,6.86
Uf_klJcQdkI,UCbxNKPuL7G3M_Zjt03d2IYA,#usutaku_channel,若手社会人に的確なアドバイスをくれる上司,947553,69903,184,2025-01-05T16:35:51Z,2025-12-09 02:51:36,157000,6.04
1sXvAtt3-9U,UCbxNKPuL7G3M_Zjt03d2IYA,#usutaku_channel,論文をAIで効率よく読む方法,780805,29464,395,2024-05-26T07:19:17Z,2025-12-09 02:51:36,157000,4.97
0TKuuHnyJlA,UCbxNKPuL7G3M_Zjt03d2IYA,#usutaku_channel,Notionで新卒から無双するタスク管理術,787750,25125,186,2024-03-03T14:33:13Z,2025-12-09 02:51:36,157000,5.02
gBd7DkzDBog,UCbxNKPuL7G3M_Zjt03d2IYA,#usutaku_channel,【裏技】卒論の準備をAIで超効率的にやる方法,743955,40489,186,2024-03-13T02:56:30Z,2025-12-09 02:51:36,157000,4.74
Gd-BAxi9Vzw,UCbxNKPuL7G3M_Zjt03d2IYA,#usutaku_channel,AIでデータ分析を完全自動化する新卒がヤバすぎた,645627,13664,313,2024-02-25T02:00:36Z,2025-12-09 02:51:36,157000,4.11
8vxZga0FsHc,UCbxNKPuL7G3M_Zjt03d2IYA,#usutaku_channel,日本語特化ChatGPTが出来たことの凄さと背景,585481,22596,736,2024-04-15T15:54:22Z,2025-12-09 02:51:36,157000,3.73
Qbw5C6YqOW0,UCbxNKPuL7G3M_Zjt03d2IYA,#usutaku_channel,優秀すぎて無双するAI就活生,509854,10213,195,2024-02-24T08:04:35Z,2025-12-09 02:51:36,157000,3.25
AwPcrv53L7c,UClNZUVnSFRKKUfJYarEUqdA,ウェブ職TV,【オワコン確定】元月収180万円ブロガーがなかじに詰め寄る「ブログって本当はもう稼げないでしょ？」,41221,469,23,2022-04-26T11:30:02Z,2025-12-09 02:51:37,145000,0.28
HSCyV99xLRM,UClNZUVnSFRKKUfJYarEUqdA,ウェブ職TV,「NotebookLM」しか勝たん【Deep Researchが最強すぎる】,20425,374,15,2025-11-18T11:00:36Z,2025-12-09 02:51:37,145000,0.14
CH5brKGz-n4,UClNZUVnSFRKKUfJYarEUqdA,ウェブ職TV,【普通にすごい】このブログで月1万円も稼げないなら、なかじはブログを引退します。,18306,268,50,2022-07-08T11:30:05Z,2025-12-09 02:51:37,145000,0.13
KaR6cA2ljN4,UClNZUVnSFRKKUfJYarEUqdA,ウェブ職TV,【超速報】GoogleがLlama2を越えるオープン生成AI「Gemma」を発表！,15892,261,14,2024-02-22T11:30:15Z,2025-12-09 02:51:37,145000,0.11
zKWNt1zaArs,UClNZUVnSFRKKUfJYarEUqdA,ウェブ職TV,【初心者向け】ブログで1年後に月5万円稼ぐ方法【最後はちょいスパルタ】,11414,259,11,2021-11-25T11:30:29Z,2025-12-09 02:51:37,145000,0.08
rCs1obNRVIk,UClNZUVnSFRKKUfJYarEUqdA,ウェブ職TV,【目標から逆算】今のブログを続けるか。新しいブログを作るか。,11320,175,10,2022-06-02T11:30:18Z,2025-12-09 02:51:37,145000,0.08
6v7zeJyq5iE,UClNZUVnSFRKKUfJYarEUqdA,ウェブ職TV,Amazonアソシエイトで稼ぐ方法【報酬上限が撤廃された今がチャンス】 #shorts #Amazonアソシエイト #Amazon,10921,153,0,2024-08-09T11:00:08Z,2025-12-09 02:51:37,145000,0.08
tk5HPrYxwu8,UClNZUVnSFRKKUfJYarEUqdA,ウェブ職TV,いまSNSで話題のAIニュースまとめ【2024年3月第4週】,9195,181,8,2024-03-29T11:30:33Z,2025-12-09 02:51:37,145000,0.06
TWwfjF8qDko,UClNZUVnSFRKKUfJYarEUqdA,ウェブ職TV,会社メンバーで匿名質問したら本音すぎて、会社終わったwww,7925,229,22,2023-10-02T16:08:57Z,2025-12-09 02:51:37,145000,0.05
gPDpelJv5QQ,UClNZUVnSFRKKUfJYarEUqdA,ウェブ職TV,みんな、俺たちのSEOが…,6835,132,19,2025-12-02T11:01:20Z,2025-12-09 02:51:37,145000,0.05
74-8GI8gE7w,UClNZUVnSFRKKUfJYarEUqdA,ウェブ職TV,AIで書いた記事がSEOで上位表示されない理由,6402,167,6,2025-12-04T11:24:43Z,2025-12-09 02:51:37,145000,0.04
d-ssozDg-oE,UClNZUVnSFRKKUfJYarEUqdA,ウェブ職TV,【放送事故】Jetpack AIさん、ごめんなさい。まじで使えない。,5734,100,7,2023-06-14T11:30:11Z,2025-12-09 02:51:37,145000,0.04
2iQ1pFb17uc,UClNZUVnSFRKKUfJYarEUqdA,ウェブ職TV,【LPO事例】売れないLPを売れるLPに改善した事例を紹介します。,5361,144,2,2024-12-10T11:30:03Z,2025-12-09 02:51:37,145000,0.04
kczwO-EPgyg,UClNZUVnSFRKKUfJYarEUqdA,ウェブ職TV,SEO対策で使わないと損するオススメAIツールはコレ！,5016,136,7,2025-11-13T11:01:32Z,2025-12-09 02:51:37,145000,0.03
Uj48iAXiiog,UClNZUVnSFRKKUfJYarEUqdA,ウェブ職TV,最新AI「Claude Opus 4.5」でゲーム作成「スーパーマリオ」　#shorts,4766,22,1,2025-12-04T10:01:02Z,2025-12-09 02:51:37,145000,0.03
qiOF9Jvp_2Q,UClNZUVnSFRKKUfJYarEUqdA,ウェブ職TV,最新AI「Claude Opus 4.5」でゲーム作成「Minecraft(マイクラ)」　#shorts,2122,11,1,2025-12-05T10:01:32Z,2025-12-09 02:51:37,145000,0.01
1lm3i3vtPTU,UClNZUVnSFRKKUfJYarEUqdA,ウェブ職TV,最新AI「Claude Opus 4.5」でゲーム作成「スプラトゥーン」#shorts,1938,13,1,2025-12-06T10:00:06Z,2025-12-09 02:51:37,145000,0.01
vZ33LoohYOc,UClNZUVnSFRKKUfJYarEUqdA,ウェブ職TV,Claude Opus 4.5 vs Gemini 3【文章生成で対決】#shorts,2532,47,2,2025-12-07T10:01:35Z,2025-12-09 02:51:37,145000,0.02
UMYzYaOqqhw,UC8IWoNfegB72Q2nT9GJy2zQ,セイト先生のWeb・ITエンジニア転職ラボ,就活でありがちな無茶振り【ボールペンを一万円で売ってみろ！】 #shorts,4601919,25517,1543,2021-03-27T09:02:03Z,2025-12-09 02:51:37,128000,35.95
NRqCF-wwg1E,UC8IWoNfegB72Q2nT9GJy2zQ,セイト先生のWeb・ITエンジニア転職ラボ,コンサル出身の人あるある #shorts,1591511,5288,1261,2021-01-23T08:13:13Z,2025-12-09 02:51:37,128000,12.43
QCjFPSO96RU,UC8IWoNfegB72Q2nT9GJy2zQ,セイト先生のWeb・ITエンジニア転職ラボ,【JavaScript超入門講座】わずか50分で知識ゼロから基礎をマスター！,1021937,26256,817,2020-06-05T09:00:24Z,2025-12-09 02:51:37,128000,7.98
CZfwbuy4r5Q,UC8IWoNfegB72Q2nT9GJy2zQ,セイト先生のWeb・ITエンジニア転職ラボ,デザイン広告業界における厄介なお客様TOP3 #shorts,606261,2962,296,2020-12-19T08:40:11Z,2025-12-09 02:51:37,128000,4.74
k1UDYMSAwQQ,UC8IWoNfegB72Q2nT9GJy2zQ,セイト先生のWeb・ITエンジニア転職ラボ,コンサル出身の人あるあるLv99　#shorts,573391,3449,546,2021-07-10T09:00:15Z,2025-12-09 02:51:37,128000,4.48
QE_sJkGPJUc,UC8IWoNfegB72Q2nT9GJy2zQ,セイト先生のWeb・ITエンジニア転職ラボ,エンジニアになるのに学歴は必要？,561788,4123,670,2021-01-20T08:37:20Z,2025-12-09 02:51:37,128000,4.39
UxUe2JKxw0E,UC8IWoNfegB72Q2nT9GJy2zQ,セイト先生のWeb・ITエンジニア転職ラボ,2030年のフロントエンドエンジニアの面接 #shorts,543146,4034,387,2020-12-24T09:26:06Z,2025-12-09 02:51:37,128000,4.24
ig3GosWuKF0,UC8IWoNfegB72Q2nT9GJy2zQ,セイト先生のWeb・ITエンジニア転職ラボ,JavaScript入門・完全版コース／プログラミング初心者向け、コスパ最強講座,528026,6274,210,2022-07-03T10:00:19Z,2025-12-09 02:51:37,128000,4.13
fAluwAmHrws,UC8IWoNfegB72Q2nT9GJy2zQ,セイト先生のWeb・ITエンジニア転職ラボ,【JavaScript超入門講座】基礎文法だけでクイズゲームのアプリを開発！,518762,6465,442,2020-06-06T09:00:23Z,2025-12-09 02:51:37,128000,4.05
HUZlOEbSP6c,UC8IWoNfegB72Q2nT9GJy2zQ,セイト先生のWeb・ITエンジニア転職ラボ,主要プログラミング言語16選！特徴と初心者向けおすすめ度まとめ,517005,10259,564,2020-07-11T09:00:03Z,2025-12-09 02:51:37,128000,4.04
kBKn5IkH06A,UC8IWoNfegB72Q2nT9GJy2zQ,セイト先生のWeb・ITエンジニア転職ラボ,【Python超入門講座】この動画1本でゼロから基礎をマスター！【初心者向け】,416188,8410,349,2020-10-30T09:00:22Z,2025-12-09 02:51:37,128000,3.25
yg8tC5OUbl8,UC8IWoNfegB72Q2nT9GJy2zQ,セイト先生のWeb・ITエンジニア転職ラボ,MacBook M1をレビュー！ #shorts,387701,1056,205,2020-12-26T07:59:33Z,2025-12-09 02:51:37,128000,3.03
zfe-RkpShAg,UC8IWoNfegB72Q2nT9GJy2zQ,セイト先生のWeb・ITエンジニア転職ラボ,【プログラミング初心者必見】HTML/CSSから勉強し始めてはいけない理由,338762,6716,518,2020-09-25T10:11:30Z,2025-12-09 02:51:37,128000,2.65
Hbxulm8iXSA,UC8IWoNfegB72Q2nT9GJy2zQ,セイト先生のWeb・ITエンジニア転職ラボ,【HTML/CSS】実践！Webサイト作成から公開までの過程を解説！ #プログラミング,250195,4601,206,2022-05-21T10:00:08Z,2025-12-09 02:51:37,128000,1.95
_5e-cHVzuSw,UC8IWoNfegB72Q2nT9GJy2zQ,セイト先生のWeb・ITエンジニア転職ラボ,未経験20代・30代からエンジニア転職が難しい本当の理由【解決策も解説】,211023,2229,233,2020-09-19T10:18:18Z,2025-12-09 02:51:37,128000,1.65
Tu6pWncYy4U,UC8IWoNfegB72Q2nT9GJy2zQ,セイト先生のWeb・ITエンジニア転職ラボ,世界一わかりやすいCSS講座！ #初心者向け #HTML #プログラミング入門,196182,3811,113,2022-05-13T10:00:13Z,2025-12-09 02:51:37,128000,1.53
WO6aKfbruBk,UC8IWoNfegB72Q2nT9GJy2zQ,セイト先生のWeb・ITエンジニア転職ラボ,未経験でエンジニア転職・就職する際、コレ抑えると勝率が上がります。,191109,3534,117,2020-06-20T07:30:02Z,2025-12-09 02:51:37,128000,1.49
QgRrI8umi3Y,UC8IWoNfegB72Q2nT9GJy2zQ,セイト先生のWeb・ITエンジニア転職ラボ,Q.プログラミングって何時間勉強したら一人前になれるの？ #shorts,189007,3247,150,2023-02-26T11:00:24Z,2025-12-09 02:51:37,128000,1.48
ZE484EEuQ8k,UC8IWoNfegB72Q2nT9GJy2zQ,セイト先生のWeb・ITエンジニア転職ラボ,【2025年最新】宇宙一簡単なJavaScript入門講座！プログラミング初心者でもこれ1本でOK,184775,4145,76,2025-01-31T10:00:06Z,2025-12-09 02:51:37,128000,1.44
3z84Yj5EGN8,UC8IWoNfegB72Q2nT9GJy2zQ,セイト先生のWeb・ITエンジニア転職ラボ,WindowsとMacは結局どっちがいいの？(by プログラミング初心者) #shorts,171197,1861,153,2022-04-02T10:00:04Z,2025-12-09 02:51:37,128000,1.34
J41isCO7R2s,UC8IWoNfegB72Q2nT9GJy2zQ,セイト先生のWeb・ITエンジニア転職ラボ,プログラミングスクールを始めた理由…,185459,2022,198,2023-09-17T10:55:06Z,2025-12-09 02:51:37,128000,1.45
1l8oBEown8c,UC8IWoNfegB72Q2nT9GJy2zQ,セイト先生のWeb・ITエンジニア転職ラボ,Gitとは？GitHubとは？10分で仕組み・使い方を解説！【超入門編】,153291,3463,82,2020-03-13T11:05:39Z,2025-12-09 02:51:37,128000,1.2
Gj30r4P9FY8,UC8IWoNfegB72Q2nT9GJy2zQ,セイト先生のWeb・ITエンジニア転職ラボ,AIが発展してもなくならない仕事は何？ #shorts,143082,1570,94,2022-01-22T10:00:07Z,2025-12-09 02:51:37,128000,1.12
YNS8l2azMTw,UC8IWoNfegB72Q2nT9GJy2zQ,セイト先生のWeb・ITエンジニア転職ラボ,未経験エンジニアを面接したら優秀すぎて引いてしまった件 #模擬面接,129993,2706,71,2021-07-03T09:00:09Z,2025-12-09 02:51:37,128000,1.02
0SuU9lCGh64,UC8IWoNfegB72Q2nT9GJy2zQ,セイト先生のWeb・ITエンジニア転職ラボ,プログラミングはHTMLから勉強し始めるのは絶対にやめてください,143313,1456,217,2023-09-24T10:00:00Z,2025-12-09 02:51:37,128000,1.12
JFHZm9Elysc,UC452hry4DI_pDn_CVT9ZKhQ,だれでもエンジニア / 山浦清透,人のコードを見た時【エンジニアあるある】,4738773,51445,817,2021-12-26T01:00:07Z,2025-12-09 02:51:38,127000,37.31
Xua21XIuifw,UC452hry4DI_pDn_CVT9ZKhQ,だれでもエンジニア / 山浦清透,【エンジニアあるある】ベテランエンジニアと駆け出しエンジニアの違い,3115768,49320,865,2021-07-17T08:00:08Z,2025-12-09 02:51:38,127000,24.53
DhruUsJjZss,UC452hry4DI_pDn_CVT9ZKhQ,だれでもエンジニア / 山浦清透,【全エンジニアあるある】エンジニアのイメージと現実とのギャップ,2980093,38423,980,2021-04-01T09:00:11Z,2025-12-09 02:51:38,127000,23.47
8e7aepbk-1E,UC452hry4DI_pDn_CVT9ZKhQ,だれでもエンジニア / 山浦清透,【エンジニアあるある】30分の作業を3分でするために3時間かける奴,2215780,34637,587,2021-08-06T08:00:05Z,2025-12-09 02:51:38,127000,17.45
tYbVl6N8oxI,UC452hry4DI_pDn_CVT9ZKhQ,だれでもエンジニア / 山浦清透,【作業工程フル公開】エンジニアが30万円案件の制作過程を公開,1808705,22628,429,2021-06-26T08:00:27Z,2025-12-09 02:51:38,127000,14.24
CRQDW8wzNvQ,UC452hry4DI_pDn_CVT9ZKhQ,だれでもエンジニア / 山浦清透,【誰も教えない】クソコードを書く方法3選,1535288,16793,619,2021-02-26T09:00:03Z,2025-12-09 02:51:38,127000,12.09
Ly9U2zRfpqI,UC452hry4DI_pDn_CVT9ZKhQ,だれでもエンジニア / 山浦清透,一般人とエンジニアの違い【エンジニアあるある】,646680,6476,274,2021-04-23T09:00:08Z,2025-12-09 02:51:38,127000,5.09
AbTplV0NfKU,UC452hry4DI_pDn_CVT9ZKhQ,だれでもエンジニア / 山浦清透,普通の人の仕様変更がエンジニアにはヤバイ件,613346,7830,472,2022-06-03T09:00:09Z,2025-12-09 02:51:38,127000,4.83
fpRCKwBzXU0,UC452hry4DI_pDn_CVT9ZKhQ,だれでもエンジニア / 山浦清透,エンジニアの全タイプまとめ,553550,6999,202,2021-02-27T09:00:11Z,2025-12-09 02:51:38,127000,4.36
O9D18lhLa2Y,UC452hry4DI_pDn_CVT9ZKhQ,だれでもエンジニア / 山浦清透,ゼロから半年でWeb系エンジニアになろう【完全まとめ版】,492808,14563,487,2020-12-04T10:00:05Z,2025-12-09 02:51:38,127000,3.88
nRCNL9T3J98,UCNTxclE0N4qsUuirssL_D8w,プログラミングチュートリアル,【React入門】完全初心者OK！１から簡単なTodoアプリを作ってReactの１歩を踏み出してみよう ~Reactチュートリアル~,214621,3807,103,2022-05-20T11:00:24Z,2025-12-09 02:51:38,66600,3.22
rAsovLKXCXo,UCNTxclE0N4qsUuirssL_D8w,プログラミングチュートリアル,【Cursor入門】初心者OK！AIを使ってアプリ開発する方法を全て解説します ~AI駆動開発入門~,138839,3270,116,2025-02-18T11:01:15Z,2025-12-09 02:51:38,66600,2.08
_kDEghOAYF8,UCNTxclE0N4qsUuirssL_D8w,プログラミングチュートリアル,【ChatGPT】コーディングなしでAIがウェブサイトを作ってくれる時代が近づいてきました【OpenAIを利用】,131159,2857,80,2022-12-21T11:00:32Z,2025-12-09 02:51:38,66600,1.97
uuAdVs7sbAs,UCNTxclE0N4qsUuirssL_D8w,プログラミングチュートリアル,【React Hooks入門】完全初心者OK！8種類のHooksを学んでReactの理解を深めよう,88116,2263,55,2022-06-24T11:00:46Z,2025-12-09 02:51:38,66600,1.32
6kBbbPDg12U,UCNTxclE0N4qsUuirssL_D8w,プログラミングチュートリアル,【Claude Code入門】初心者OK！誰でも爆速でアプリ開発ができる時代になりました,87428,2025,88,2025-06-05T11:00:14Z,2025-12-09 02:51:38,66600,1.31
O037g3NOoXY,UCNTxclE0N4qsUuirssL_D8w,プログラミングチュートリアル,【Django入門】自作で簡単なブログを作ってDjangoの１歩を踏み出してみよう ~Djangoチュートリアル~,83918,1560,59,2022-01-14T11:00:11Z,2025-12-09 02:51:38,66600,1.26
nSXnif14lVo,UCNTxclE0N4qsUuirssL_D8w,プログラミングチュートリアル,初めてのNode.js入門！環境構築からWebサーバーを作ってみよう！,80618,1899,42,2021-12-25T11:00:22Z,2025-12-09 02:51:38,66600,1.21
IlOhmnCrMog,UCNTxclE0N4qsUuirssL_D8w,プログラミングチュートリアル,JavaScriptを使った動的なウェブサイトの作り方 | ウェブデザインチュートリアル,79381,2291,93,2021-10-26T11:25:08Z,2025-12-09 02:51:38,66600,1.19
rDTDAWxTF1A,UCNTxclE0N4qsUuirssL_D8w,プログラミングチュートリアル,【HTML/CSS入門】レスポンシブ対応のコーポレートサイトを１から構築してみよう,77898,2119,88,2022-11-02T11:00:37Z,2025-12-09 02:51:38,66600,1.17
xr3c-3y6cpI,UCNTxclE0N4qsUuirssL_D8w,プログラミングチュートリアル,【もうマウスは使わない！】VSCodeのコーディング効率を2倍にする方法,72086,2357,35,2022-09-10T11:00:41Z,2025-12-09 02:51:38,66600,1.08
yvMGYQEc3v4,UCZQVTC3uLCyuJUOcRlguazA,にゃんたのAIチャンネル,OpenAI最新モデル！GPT-4oについて徹底解説してみた,140222,2033,153,2024-05-14T10:21:50Z,2025-12-09 02:51:38,65200,2.15
CwiOtC2FztM,UCZQVTC3uLCyuJUOcRlguazA,にゃんたのAIチャンネル,Google最新AI！Gemini 2.0 Flashが凄かったので解説してみた,138960,2593,177,2024-12-12T10:05:56Z,2025-12-09 02:51:38,65200,2.13
O_bmmDWIjTc,UCZQVTC3uLCyuJUOcRlguazA,にゃんたのAIチャンネル,OpenAIのGPTsより凄い！無料で使えるDifyを徹底解説してみた,123676,2387,105,2024-05-03T09:00:17Z,2025-12-09 02:51:38,65200,1.9
VoVteuKbYZY,UCZQVTC3uLCyuJUOcRlguazA,にゃんたのAIチャンネル,ChatGPTのプロンプトの作り方を徹底解説！望む回答を得るためのテクニックとコツ,107081,2753,52,2023-03-18T12:50:36Z,2025-12-09 02:51:38,65200,1.64
wdUS9LoKV_8,UCZQVTC3uLCyuJUOcRlguazA,にゃんたのAIチャンネル,GPT4が使い放題！革新的なエディター「Cursor」を紹介,104055,2266,121,2023-11-12T09:00:43Z,2025-12-09 02:51:38,65200,1.6
tHoJAwrs1q8,UCZQVTC3uLCyuJUOcRlguazA,にゃんたのAIチャンネル,最新AIエージェント！AnthropicのClaude Codeが凄かったので解説してみた,85366,2003,71,2025-06-01T09:01:13Z,2025-12-09 02:51:38,65200,1.31
Fd_UK0zhhAQ,UCZQVTC3uLCyuJUOcRlguazA,にゃんたのAIチャンネル,話題のAIエージェント！Clineについて解説してみた,80017,1890,107,2025-01-11T09:00:11Z,2025-12-09 02:51:38,65200,1.23
or3FzIAjeYc,UCZQVTC3uLCyuJUOcRlguazA,にゃんたのAIチャンネル,OpenAI最新！動画生成AIのSoraが作った動画が凄い,77238,1352,130,2024-02-16T10:00:59Z,2025-12-09 02:51:38,65200,1.18
N4Sh9yVKJU8,UCZQVTC3uLCyuJUOcRlguazA,にゃんたのAIチャンネル,【基本編】ゼロからわかるDifyの教科書！Difyでの基本的なアプリの作り方を解説してみた,77612,1461,62,2025-04-26T09:00:25Z,2025-12-09 02:51:38,65200,1.19
ZGf28qVxrQ4,UCZQVTC3uLCyuJUOcRlguazA,にゃんたのAIチャンネル,Google最新AI「Gemini 3」とAIエディタ「Google Antigravity」が凄かったので解説してみた,72535,1131,79,2025-11-19T11:24:43Z,2025-12-09 02:51:38,65200,1.11
3ZJJF_7UNSM,UCCIPlDofGZVef3HArQBRrEw,【さき】のAIでええやん。,【脱初心者】AIへの指示出しがうまくいくプロンプトの基礎徹底解説するで！,498387,11693,128,2025-10-18T10:00:09Z,2025-12-09 02:51:39,61000,8.17
VY82g_vQzEM,UCCIPlDofGZVef3HArQBRrEw,【さき】のAIでええやん。,【神アプデ】最新版Geminiでパワポ・スライド資料作成が一瞬で終わる方法を解説します,185352,3325,51,2025-07-21T11:30:32Z,2025-12-09 02:51:39,61000,3.04
Z8HpvXCr6Ik,UCCIPlDofGZVef3HArQBRrEw,【さき】のAIでええやん。,【革命】AIはこれだけでイイGoogleの最強無料AI NotebookLMの裏ワザ活用5選,145990,2648,58,2025-08-17T10:00:53Z,2025-12-09 02:51:39,61000,2.39
qC5syK4vOJQ,UCCIPlDofGZVef3HArQBRrEw,【さき】のAIでええやん。,【AI神連携】これがNotebookLMとGeminiの最強活用,124771,2452,24,2025-09-26T10:30:49Z,2025-12-09 02:51:39,61000,2.05
IWkQh4RCpN8,UCCIPlDofGZVef3HArQBRrEw,【さき】のAIでええやん。,【簡単】Excel・スプレッドシート業務に最新AI活用で誰でもスグ生産性100倍【Gemini/Copilot】,113790,1152,12,2025-08-08T10:00:37Z,2025-12-09 02:51:39,61000,1.87
k1qFX5zJwLk,UCCIPlDofGZVef3HArQBRrEw,【さき】のAIでええやん。,【完全マスター】AI初心者が学ぶべきGeminiの基本的な使い方を徹底解説するで。,107899,1860,27,2025-07-31T10:01:20Z,2025-12-09 02:51:39,61000,1.77
YvJqRImsk-k,UCCIPlDofGZVef3HArQBRrEw,【さき】のAIでええやん。,【一気通貫】GoogleのAI Geminiで革命的な爆速スライド作成活用方法教えるで！【パワポ / プレゼン】,63525,1435,29,2025-09-10T11:00:57Z,2025-12-09 02:51:39,61000,1.04
LG9IBRO3tZ4,UCCIPlDofGZVef3HArQBRrEw,【さき】のAIでええやん。,【AIに全任せ】Google最強AIのGeniniを神カスタマイズするGemの活用法5選教えるで。,58173,1113,22,2025-10-11T10:00:36Z,2025-12-09 02:51:39,61000,0.95
cZszf1smcnQ,UCCIPlDofGZVef3HArQBRrEw,【さき】のAIでええやん。,【神連携】神アプデGensparkとGoogle最強のAI NotebookLMの連携スライド作成活用の解説するで！,48467,1140,19,2025-10-25T10:01:06Z,2025-12-09 02:51:39,61000,0.79
mxvzg8TTnt0,UCCIPlDofGZVef3HArQBRrEw,【さき】のAIでええやん。,【実践】初心者もスグ使えるGoogleAIStudioの基礎的な使い方を全部教えるで。,37513,815,21,2025-09-18T10:01:28Z,2025-12-09 02:51:39,61000,0.61
9zRGSfTQaAg,UCWMrA-2fEycFnOwqzzdwWuQ,かいちのAI大学【株式会社Saix】,【そんな使い方あったの？】Google Geminiすごい使い方10選【完全保存版】,141846,1555,12,2024-12-31T09:00:12Z,2025-12-09 02:51:39,44100,3.22
L1IyOn9NoSo,UCWMrA-2fEycFnOwqzzdwWuQ,かいちのAI大学【株式会社Saix】,【知らないと損】AI×Googleスプレッドシートで業務自動化する方法10選【Google Geminiの使い方を徹底解説！】,78432,771,14,2025-01-02T09:00:18Z,2025-12-09 02:51:39,44100,1.78
UQXNb8RNKMs,UCWMrA-2fEycFnOwqzzdwWuQ,かいちのAI大学【株式会社Saix】,【管理職必見】ChatGPTマネジメント活用術7選！使い方まとめ,57198,683,11,2025-06-10T09:00:43Z,2025-12-09 02:51:39,44100,1.3
J5eUWDXrZXc,UCWMrA-2fEycFnOwqzzdwWuQ,かいちのAI大学【株式会社Saix】,【全て無料！】ChatGPT無料で使える機能を全て解説【チャットGPT活用】,43052,318,1,2025-02-23T09:00:17Z,2025-12-09 02:51:39,44100,0.98
ga7yz80Z38w,UCWMrA-2fEycFnOwqzzdwWuQ,かいちのAI大学【株式会社Saix】,【たった1動画で全てがわかる】NotebookLM 完全解説【永久保存版】,40077,751,20,2025-03-10T09:00:56Z,2025-12-09 02:51:39,44100,0.91
W5YNJqF1tPI,UCWMrA-2fEycFnOwqzzdwWuQ,かいちのAI大学【株式会社Saix】,【初心者必見】CopilotのWord、Excel、PowerPoint活用を徹底解説！【コパイロット使い方講座part5】,32162,213,1,2025-01-31T09:00:39Z,2025-12-09 02:51:39,44100,0.73
XSalAWq3uYY,UCWMrA-2fEycFnOwqzzdwWuQ,かいちのAI大学【株式会社Saix】,【1動画で全てわかる】仕事で使えるGPTs最新ランキングTOP10【プロンプト例文も解説！】,26817,390,1,2024-08-27T09:00:26Z,2025-12-09 02:51:39,44100,0.61
I2XY_ZcJBmo,UCWMrA-2fEycFnOwqzzdwWuQ,かいちのAI大学【株式会社Saix】,【そんな使い方あったの？】Deep Research すごい使い方10選【完全保存版】,26728,567,3,2025-02-12T09:00:29Z,2025-12-09 02:51:39,44100,0.61
ASNkq0muHM0,UCWMrA-2fEycFnOwqzzdwWuQ,かいちのAI大学【株式会社Saix】,【初心者必見】Copilotとは？ 概要と魅力を徹底解説！【コパイロットの使い方を解説！】,25730,182,7,2025-01-12T09:00:08Z,2025-12-09 02:51:39,44100,0.58
p5KM8aTmWLw,UCWMrA-2fEycFnOwqzzdwWuQ,かいちのAI大学【株式会社Saix】,【初心者向け】ChatGPT-4oでできること10選【オススメの使い方を徹底解説！】,24154,301,7,2024-07-01T09:00:42Z,2025-12-09 02:51:39,44100,0.55
1PTqFeuBdY4,UCXo1SsIDZ_dke2Nr1r3qk6w,AI大学【AI&ChatGPT最新情報】,【今週公開された最新AIのすべて】ChatGPT4対応Bing Chatが無料開放/完全自律型AIがweb UIに対応/一瞬で画像をベクター変換するAIツール爆誕【ChatGPT】,53894,1021,19,2023-05-07T09:04:45Z,2025-12-09 02:51:39,42500,1.27
HC9bjNJf484,UCXo1SsIDZ_dke2Nr1r3qk6w,AI大学【AI&ChatGPT最新情報】,【2024年秋】無料で使える高品質動画生成AIツール4選！＋期待の動画生成AIツール3選！ ～KLING AI、Hailuo AI、Sora、Veo、Movie Genなど～,46778,742,11,2024-10-18T09:08:32Z,2025-12-09 02:51:39,42500,1.1
3EYbIvkB0ec,UCXo1SsIDZ_dke2Nr1r3qk6w,AI大学【AI&ChatGPT最新情報】,【週刊最新AIツール&ニュース】ChatGPTの新バージョンと成人向け機能が実装予定/Googleの動画生成AIの新モデル「Veo 3.1」/Sora 2で15秒の動画生成が解禁,45784,593,22,2025-10-18T09:06:34Z,2025-12-09 02:51:39,42500,1.08
XgKX5PkvUqI,UCXo1SsIDZ_dke2Nr1r3qk6w,AI大学【AI&ChatGPT最新情報】,自動作詞作曲AI最新版「Suno v4」の概要と使い方＋サンプル曲！ ～リマスター機能・カバー機能＋ChatGPTを使って楽曲自動生成～,37806,710,32,2024-11-22T09:06:48Z,2025-12-09 02:51:39,42500,0.89
NATE4o_SsYU,UCXo1SsIDZ_dke2Nr1r3qk6w,AI大学【AI&ChatGPT最新情報】,【AIでアプリを作る】日本語一行でAIアプリを作れるGoogleの無料ノーコードAIツール「Opal」の特徴と使い方！,37281,726,12,2025-10-12T09:06:57Z,2025-12-09 02:51:39,42500,0.88
MjqCAvqbK5M,UCXo1SsIDZ_dke2Nr1r3qk6w,AI大学【AI&ChatGPT最新情報】,無料で使える超高性能画像生成AIツール「Recraft」の使い方まとめ！ ～世界最強画像生成AIモデル「Recraft V3」実装～,27324,462,3,2024-11-19T09:06:30Z,2025-12-09 02:51:39,42500,0.64
gd5pGcbTdgk,UCXo1SsIDZ_dke2Nr1r3qk6w,AI大学【AI&ChatGPT最新情報】,自動作詞作曲AI最新版「Suno v3」の使い方 ～ChatGPT・Claudeと組み合わせていろんなジャンルの曲を自動生成～,26537,599,19,2024-03-29T09:08:41Z,2025-12-09 02:51:39,42500,0.62
rZhjakEZfSw,UCXo1SsIDZ_dke2Nr1r3qk6w,AI大学【AI&ChatGPT最新情報】,【Suno v5登場】ハズレなしの日本語ボーカル曲を作れる！ ～最速レビュー＆ChatGPTと組み合わせてヒット曲を作る～,25995,456,34,2025-09-25T09:05:20Z,2025-12-09 02:51:39,42500,0.61
jMzF4e9kAkI,UCXo1SsIDZ_dke2Nr1r3qk6w,AI大学【AI&ChatGPT最新情報】,無料で使えるGoogleのAIプラットフォーム「Google AI Studio」の概要と使い方！ ～Gemini 2.5 Proを使ったりVeo 2で動画を作れる～,20607,340,4,2025-05-16T09:05:24Z,2025-12-09 02:51:39,42500,0.48
OaacdHcP21Q,UCXo1SsIDZ_dke2Nr1r3qk6w,AI大学【AI&ChatGPT最新情報】,2024年ナンバーワンAIの呼び声高い無料のAIアシスタント「Google NotebookLM」の使い方と活用法 ～NVIDIAのCEOも推すAIツール～,19544,422,8,2024-12-02T09:05:54Z,2025-12-09 02:51:39,42500,0.46
coKPfV_nk2Q,UCXo1SsIDZ_dke2Nr1r3qk6w,AI大学【AI&ChatGPT最新情報】,Soraを超えたGoogleの動画生成AIツール「Veo 2」の概要と利用法！/リアルな日本人画像を作れる「imagen 3」がさらに強化・使い方も解説！,19421,335,12,2024-12-17T09:06:50Z,2025-12-09 02:51:39,42500,0.46
L1bd_kIZgec,UCXo1SsIDZ_dke2Nr1r3qk6w,AI大学【AI&ChatGPT最新情報】,【すぐに使える活用事例20例】Nano Banana Pro(ナノバナナプロ)の画像生成＆編集性能を徹底検証！,18878,595,16,2025-12-01T09:06:08Z,2025-12-09 02:51:39,42500,0.44
EMhYorxAjso,UCXo1SsIDZ_dke2Nr1r3qk6w,AI大学【AI&ChatGPT最新情報】,無料でも使える動画生成AI「Veo 3.1」の完全ガイド!  ～Veo 3.1の使い方から作れる動画まで徹底解説、Google公式のAI映像制作ツール「Flow」の新機能も～,18227,306,6,2025-10-21T09:06:33Z,2025-12-09 02:51:39,42500,0.43
rUwsvYJPSMM,UCXo1SsIDZ_dke2Nr1r3qk6w,AI大学【AI&ChatGPT最新情報】,無料で使える2024年夏の最新画像生成AIツール5選！ ～Kolors、Google Imagen 3、FLUX.1、OpenAI DALL-E 3、Leonardo Ai～,16757,296,6,2024-08-16T09:08:47Z,2025-12-09 02:51:39,42500,0.39
Po8fdb8Z5xI,UCXo1SsIDZ_dke2Nr1r3qk6w,AI大学【AI&ChatGPT最新情報】,無料でも使える多機能・高品質動画生成AIツール「PixVerse(V4)」の概要と使い方を徹底解説！,16690,294,8,2025-03-07T09:06:49Z,2025-12-09 02:51:39,42500,0.39
NQ-RbnQWGdo,UCXo1SsIDZ_dke2Nr1r3qk6w,AI大学【AI&ChatGPT最新情報】,話題のChatGPTの画像生成機能「4o Image Generation」の概要・使い方・活用事例！,16310,318,7,2025-03-27T09:06:21Z,2025-12-09 02:51:39,42500,0.38
CRDAB3O53pI,UCXo1SsIDZ_dke2Nr1r3qk6w,AI大学【AI&ChatGPT最新情報】,【週刊最新AIツール&ニュース】NotebookLMの最新アプデ ～新型Geminiで記憶力が6倍にアップし、解説動画生成機能強化～/Adobeが生成AI製品を大量発表,72920,180,5,2025-11-02T09:05:14Z,2025-12-09 02:51:39,42500,1.72
K1WMvlIVOTA,UCXo1SsIDZ_dke2Nr1r3qk6w,AI大学【AI&ChatGPT最新情報】,【Veo3.1登場！】無料でも使えるGoogleの高性能動画生成AIモデル！ ～声や効果音の付いた1分以上の高画質動画を作れる～,15614,303,19,2025-10-16T09:07:23Z,2025-12-09 02:51:39,42500,0.37
dRVX4ySQn3M,UCXo1SsIDZ_dke2Nr1r3qk6w,AI大学【AI&ChatGPT最新情報】,【Sora 2登場！】OpenAIの高性能動画生成AIモデル！ ～自分を動画に登場させる、日本語をしゃべる音付き動画生成、日本風のアニメ動画を作る～,15214,174,15,2025-10-01T09:05:45Z,2025-12-09 02:51:39,42500,0.36
sNUqVyWG-Pg,UCXo1SsIDZ_dke2Nr1r3qk6w,AI大学【AI&ChatGPT最新情報】,【2025年春】無料で使える最新画像生成AIツール人気ベスト5！ ～ChatGPTの4o image generation、Seedream 3.0、Imagen 3、Reve Imageなど～,15087,244,3,2025-05-13T09:06:07Z,2025-12-09 02:51:39,42500,0.35
BrihFLzkANM,UCXo1SsIDZ_dke2Nr1r3qk6w,AI大学【AI&ChatGPT最新情報】,ChatGPTのGPTストアで人気の高性能GPTsベスト20！ ～2024年春最新版～,14944,399,3,2024-03-22T10:04:05Z,2025-12-09 02:51:39,42500,0.35
KD3iR532VKU,UCXo1SsIDZ_dke2Nr1r3qk6w,AI大学【AI&ChatGPT最新情報】,【2025年秋最新】Gensparkが“全部入りAI”に進化!  ～GPT-5・Nano Banana・Veo 3が一つのツールで使える+大量のAIエージェント実装～,15063,224,10,2025-09-27T09:05:20Z,2025-12-09 02:51:39,42500,0.35
9AGmGpFVb58,UCXo1SsIDZ_dke2Nr1r3qk6w,AI大学【AI&ChatGPT最新情報】,AIで超高画質画像を生成しまくれる「Stable Diffusion web UI」の概要・導入方法・使い方【AIイラスト】,13555,236,8,2023-05-05T09:09:37Z,2025-12-09 02:51:39,42500,0.32
R0cj88Ct1Vo,UCXo1SsIDZ_dke2Nr1r3qk6w,AI大学【AI&ChatGPT最新情報】,声を複製(クローン)して日本語を喋らせることのできる無料のAIツール3選！ ～Minimax Audio、Cartesia、Zyphra～,14600,213,10,2025-06-02T09:05:23Z,2025-12-09 02:51:39,42500,0.34
oOxVpQsks8Y,UCXo1SsIDZ_dke2Nr1r3qk6w,AI大学【AI&ChatGPT最新情報】,【今週公開された最新AIのすべて】無料でChatGPT4が使えるツール/YouTube動画を一瞬で要約するAIツール/画像についてAIと会話できるツール/AIでドラえもん再現【ChatGPT】,13166,271,3,2023-04-23T10:13:56Z,2025-12-09 02:51:39,42500,0.31
eP52oOPi5jk,UC9AuyS7U4PxeDSNMJ2srarA,AIでサボろうチャンネル,【2025年秋最新版】作業効率をぐーんと上げる神AIツール6選と実際の使い方を解説,122194,4030,33,2025-09-05T09:15:03Z,2025-12-09 02:51:40,43000,2.84
SPHnWPTql0s,UC9AuyS7U4PxeDSNMJ2srarA,AIでサボろうチャンネル,【AI】あらゆるサービスを繋げて自動化できる神ツールn8n完全入門【プログラミング不要】,116578,3232,55,2025-05-09T09:45:05Z,2025-12-09 02:51:40,43000,2.71
EXeAz57X8-U,UC9AuyS7U4PxeDSNMJ2srarA,AIでサボろうチャンネル,"AIは会話を重ねると""迷子""になる。その原因と対策を解説します",94902,4985,235,2025-05-21T22:00:11Z,2025-12-09 02:51:40,43000,2.21
lZ6dQsHbG94,UC9AuyS7U4PxeDSNMJ2srarA,AIでサボろうチャンネル,GPT-4o画像生成で一瞬で高品質スライドを作成する神プロンプト教えます【資料作成革命】,73707,1905,35,2025-03-29T08:38:31Z,2025-12-09 02:51:40,43000,1.71
bZkGoWuQ3vg,UC9AuyS7U4PxeDSNMJ2srarA,AIでサボろうチャンネル,自分の頭を使わずにプロンプトを作る方法3選,69400,2273,10,2025-03-24T10:27:26Z,2025-12-09 02:51:40,43000,1.61
mq-7-5lzuxw,UC9AuyS7U4PxeDSNMJ2srarA,AIでサボろうチャンネル,【初心者必見】AI活用を0から学ぶ4つのステップ,57747,2699,22,2025-11-14T10:26:14Z,2025-12-09 02:51:40,43000,1.34
yPfuZeY3-Go,UC9AuyS7U4PxeDSNMJ2srarA,AIでサボろうチャンネル,プロンプトの基礎: AIがどれだけ進化しても役に立ち続ける考え方とテクニック,57580,1815,29,2025-02-05T09:01:11Z,2025-12-09 02:51:40,43000,1.34
M_F04xonPOA,UC9AuyS7U4PxeDSNMJ2srarA,AIでサボろうチャンネル,【初心者向け】APIとは何か、実際の使い方や注意点が全部分かる動画【AI自動化】,50761,1309,29,2025-06-26T10:00:44Z,2025-12-09 02:51:40,43000,1.18
MmP-q-SXG3c,UC9AuyS7U4PxeDSNMJ2srarA,AIでサボろうチャンネル,【無料で簡単】GoogleのAIアプリ構築ツール「Opal」の活用例と使い方を徹底解説します,45213,1439,34,2025-10-14T09:41:37Z,2025-12-09 02:51:40,43000,1.05
Xz4xIUoa244,UC9AuyS7U4PxeDSNMJ2srarA,AIでサボろうチャンネル,【最強AIが無料】Gemini CLIで高速に資料作成をする方法【セットアップ方法から解説】,43014,1277,29,2025-07-03T21:30:08Z,2025-12-09 02:51:40,43000,1.0
rB5eK3Gog4Y,UC9buL3Iph_f7AZxdzmiBL8Q,チャエン【AI研究所】,【資料作成を大幅短縮！】パワポをClaude 3.7 Sonnetを使って一瞬で作成する方法を徹底解説！,42391,895,40,2025-03-12T10:01:06Z,2025-12-09 02:51:40,36300,1.17
XU6Et89hFxg,UC9buL3Iph_f7AZxdzmiBL8Q,チャエン【AI研究所】,【No.1無料AI】Google AI Studioが多機能過ぎてこれだけ完結。ChatGPT超え。動画・画像生成、アプリ開発、音声生成、画面解析と何でもできる《使い方と活用事例７選を徹底解説》,40533,763,44,2025-06-13T03:42:35Z,2025-12-09 02:51:40,36300,1.12
4eOVOo3fy38,UC9buL3Iph_f7AZxdzmiBL8Q,チャエン【AI研究所】,【最新版】社内向けチャットボットならこれ一択Google「NotebookLM」の最強な使い方と機能を完全解説《研修営業ロープレ、問い合わせ対応自動チャットボット、音声出力など、機能豊富》,36691,545,6,2025-05-22T07:17:10Z,2025-12-09 02:51:40,36300,1.01
1G-efr1uUM0,UC9buL3Iph_f7AZxdzmiBL8Q,チャエン【AI研究所】,【保存版】サクッとAIでアプリを作る『バイブコーディング』の教科書。素人でも誰でも高度なAIアプリが作れる。おすすめのAIツールと実際の作り方の実演付き。,34576,817,41,2025-06-03T02:48:02Z,2025-12-09 02:51:40,36300,0.95
pKMtdcsv70s,UC9buL3Iph_f7AZxdzmiBL8Q,チャエン【AI研究所】,【現代最強の資料生成AI】GenSparkのAIエージェントが万能すぎる。事業計画書、提案書、研修コンテンツ、LP、動画となんでも作れる。Youtube動画高速作成手法も解説。,33770,515,30,2025-04-20T13:02:35Z,2025-12-09 02:51:40,36300,0.93
C5qAt69rA54,UC9buL3Iph_f7AZxdzmiBL8Q,チャエン【AI研究所】,元ゴールドマン投資部門日本トップが実演！90%時短を実現するAI仕事術をメディア初公開。数千億円運用の投資家は桁違い。《リサーチ、資料作成、パワーポイント生成など。田中渓×チャエン。前編》,33280,634,25,2025-06-14T09:40:35Z,2025-12-09 02:51:40,36300,0.92
CBNgyA3G6AM,UC9buL3Iph_f7AZxdzmiBL8Q,チャエン【AI研究所】,【無敵すぎる】Googleが画期的な開発AIエージェント「Gemini CLI」公開、無料でClaude Codeより高性能。誰でもAIエンジニアになれる夢のツール《使い方、性能、活用事例を徹底解説》,30276,465,31,2025-06-26T06:26:18Z,2025-12-09 02:51:40,36300,0.83
T7h4VXIIC0g,UC9buL3Iph_f7AZxdzmiBL8Q,チャエン【AI研究所】,【衝撃】Google AIが世界No.1に。Gemini 2.5 Proがヤバすぎる…もうChatGPTやClaudeに課金不要？できる人は皆使ってる「AI Studio」を徹底解説。,29349,408,31,2025-05-07T09:37:51Z,2025-12-09 02:51:40,36300,0.81
sw8IZ6O3MAI,UC9buL3Iph_f7AZxdzmiBL8Q,チャエン【AI研究所】,【AIに仕事を奪われる!?】遂にChatGPTがAIエージェント「Operator」を公開。ブラウザを自動操作で単純操作を自動化可能に。《使い方、危険性、活用事例を徹底解説》,27819,353,4,2025-01-26T13:18:50Z,2025-12-09 02:51:40,36300,0.77
8QJYemi6GVs,UC9buL3Iph_f7AZxdzmiBL8Q,チャエン【AI研究所】,【保存版】もう外注は不要!? AIでLPを爆速で作る方法。Manus、Bolt、Claude、v0、Create果たしてどのツールがベストか。課金して徹底検証‼️ 結論はこのツール一択。,27207,536,22,2025-03-23T12:07:52Z,2025-12-09 02:51:40,36300,0.75
cCK_hGfi2cY,UC2NOk8DQ-KLc9ticdLPiOXQ,Rei丨暮らしとNotion。,"メモを極めたエンジニア（弟）の""Notionの中身""が凄いので紹介させて下さい。",529764,10596,224,2022-10-03T10:00:19Z,2025-12-09 02:51:40,33200,15.96
PmEzy3f4adA,UC2NOk8DQ-KLc9ticdLPiOXQ,Rei丨暮らしとNotion。,【初心者向け】Obsidianの使い方を徹底解説！設定方法とオススメのプラグイン4選,159293,2479,65,2025-02-08T10:06:00Z,2025-12-09 02:51:40,33200,4.8
VemGUuLbYzE,UC2NOk8DQ-KLc9ticdLPiOXQ,Rei丨暮らしとNotion。,【徹底解説】僕がiPhoneではなくPixel・Androidを使う理由を解説します！,145066,2585,288,2025-10-03T10:03:00Z,2025-12-09 02:51:40,33200,4.37
bTOEvSGzNwE,UC2NOk8DQ-KLc9ticdLPiOXQ,Rei丨暮らしとNotion。,【最初に知りたい】Notionの効率的なメモの作り方をご紹介します！,111323,1701,27,2022-09-26T10:00:18Z,2025-12-09 02:51:40,33200,3.35
2Q6jVLFX8mA,UC2NOk8DQ-KLc9ticdLPiOXQ,Rei丨暮らしとNotion。,多機能メモアプリ「Obsidian」が凄い！使い方やNotionとの違いを解説します！,107227,1841,116,2024-10-19T10:02:00Z,2025-12-09 02:51:40,33200,3.23
slweJaaBkb4,UC2NOk8DQ-KLc9ticdLPiOXQ,Rei丨暮らしとNotion。,【軽量・小型】iPad miniにオススメの周辺機器・アクセサリ14選！,96307,1186,25,2025-03-01T10:02:00Z,2025-12-09 02:51:40,33200,2.9
eY4LvTUGquE,UC2NOk8DQ-KLc9ticdLPiOXQ,Rei丨暮らしとNotion。,NotionとExcel・Googleスプレッドシートを連携させる方法4選！,93100,1821,69,2020-12-18T13:34:37Z,2025-12-09 02:51:40,33200,2.8
0hbJBSVZS24,UC2NOk8DQ-KLc9ticdLPiOXQ,Rei丨暮らしとNotion。,【BEST BUY】2022年買って良かったモノ TOP10！,77954,528,39,2023-01-30T10:01:00Z,2025-12-09 02:51:40,33200,2.35
qiTl-izPIAQ,UC2NOk8DQ-KLc9ticdLPiOXQ,Rei丨暮らしとNotion。,【無料】大好きな「Notion」の使い方と活用法を紹介します！【ノート・タスク管理】,74996,1003,25,2020-08-08T11:00:24Z,2025-12-09 02:51:40,33200,2.26
q09ywRnFRdE,UC2NOk8DQ-KLc9ticdLPiOXQ,Rei丨暮らしとNotion。,【これは便利】絶対にオススメしたいChrome拡張機能10選！,61449,1174,26,2022-12-19T10:01:01Z,2025-12-09 02:51:40,33200,1.85
8eWW8gdH9R8,UCx3CHuiy-14g2y4hqkpnebQ,Akiyama Yuta(AI活用術),【無料で使える】AI美女を作りまくる方法。AIツール「Stable Diffusion」の使い方,1126559,15498,576,2023-04-10T10:22:13Z,2025-12-09 02:51:40,32700,34.45
CPN0DEZ_AUQ,UCx3CHuiy-14g2y4hqkpnebQ,Akiyama Yuta(AI活用術),【無料・商用利用OK】自由にAI美女を作って稼ぐ4つの方法。Stable DiffusionとChatGPTの使い方。,94726,1717,57,2023-04-12T09:00:14Z,2025-12-09 02:51:40,32700,2.9
QJ86mDKPSNA,UCx3CHuiy-14g2y4hqkpnebQ,Akiyama Yuta(AI活用術),【無料で使える】テキストや画像から動画アニメーションを自動で作るAIツール「Kaiber」の使い方を紹介,84905,1881,32,2023-04-10T09:00:24Z,2025-12-09 02:51:40,32700,2.6
dEgro5fZmWQ,UCx3CHuiy-14g2y4hqkpnebQ,Akiyama Yuta(AI活用術),高品質なディープフェイク（顔交換）が簡単にできる動画生成AIツール「Akool」の使い方,66739,1069,51,2024-06-08T10:00:28Z,2025-12-09 02:51:40,32700,2.04
tnuEpU8vJmo,UCx3CHuiy-14g2y4hqkpnebQ,Akiyama Yuta(AI活用術),Stable Diffusionで高品質なディープフェイク動画を作成（Mov2Mov & ReActor）,56856,1116,74,2023-12-16T10:00:39Z,2025-12-09 02:51:40,32700,1.74
e_8a5vzoK3U,UCx3CHuiy-14g2y4hqkpnebQ,Akiyama Yuta(AI活用術),【検証】ChatGPTが作った資料やレポートだとバレない方法,49780,395,14,2023-04-26T08:56:23Z,2025-12-09 02:51:40,32700,1.52
xhGk2uo9X04,UCx3CHuiy-14g2y4hqkpnebQ,Akiyama Yuta(AI活用術),【初心者🔰】ディープフェイクAI美女動画を作る方法。AIツール「Roop」の使い方,42192,529,85,2023-09-02T10:13:27Z,2025-12-09 02:51:40,32700,1.29
xphJmSn0n6s,UCx3CHuiy-14g2y4hqkpnebQ,Akiyama Yuta(AI活用術),【プロンプト付き】誰でも無料ですぐ作れる。AIコスプレイヤーの作り方。「Stable Diffusion web UI」の使い方,36524,653,51,2023-05-02T09:04:37Z,2025-12-09 02:51:40,32700,1.12
4BO7C3tT1Yw,UCx3CHuiy-14g2y4hqkpnebQ,Akiyama Yuta(AI活用術),【2024年最新版】Stable Diffusionの簡単インストール方法: Google Colab/Mac/Windows,27612,439,87,2024-03-03T10:21:24Z,2025-12-09 02:51:40,32700,0.84
esbJXsaLfw8,UCx3CHuiy-14g2y4hqkpnebQ,Akiyama Yuta(AI活用術),【誰でもすぐにできる】AI美女を作って写真集を出版する方法,27146,542,28,2023-04-23T07:47:38Z,2025-12-09 02:51:40,32700,0.83
y_JsbRGQmRg,UC-6PArqgIb3ttTQWgqVgebg,AIツールの達人,私が使ってるAIツール5選：無料版との違い＆有料にする理由を徹底解説,12846,266,4,2025-01-11T00:00:52Z,2025-12-09 02:51:41,16500,0.78
wpjJm_9WPXQ,UC-6PArqgIb3ttTQWgqVgebg,AIツールの達人,AIエージェントとは？AIワークフロー・ChatGPTとの違い、メリット、使い方、事例紹介！,9595,104,3,2025-01-03T23:03:14Z,2025-12-09 02:51:41,16500,0.58
FT4CuSKcGiA,UC-6PArqgIb3ttTQWgqVgebg,AIツールの達人,2025年、AIスキルは必須？ 初心者向けの学習方法・リスキリング方法とは？,9281,110,0,2025-01-02T13:49:49Z,2025-12-09 02:51:41,16500,0.56
cCSaYSSNDJU,UC-6PArqgIb3ttTQWgqVgebg,AIツールの達人,コード自動生成AIエージェント時代にエンジニアはどうなる？求められる3つのスキル,8477,104,8,2025-01-18T01:02:09Z,2025-12-09 02:51:41,16500,0.51
BB3TMVZCY34,UC-6PArqgIb3ttTQWgqVgebg,AIツールの達人,【AI総まとめ2024】やばすぎるAIサービスの未来と2025年のトレンド大予測！イーロン・マスク×ピーター・ティール視点でお届け！,8320,188,8,2024-12-26T03:00:09Z,2025-12-09 02:51:41,16500,0.5
2UHnVUiVU7M,UC-6PArqgIb3ttTQWgqVgebg,AIツールの達人,ChatGPTを超えるか？DeepSeek徹底解説：AI検索×高度分析の強みと日経平均株価の実例検証！,8284,163,2,2025-02-02T02:22:27Z,2025-12-09 02:51:41,16500,0.5
wlBO9ji9HEc,UC-6PArqgIb3ttTQWgqVgebg,AIツールの達人,超カンタン！AIで覚えるExcel・エクセル最強ワザ大全【ChatGPT連携】初心者向け,8112,183,0,2025-01-06T23:39:44Z,2025-12-09 02:51:41,16500,0.49
N_ENvg_GxV0,UC-6PArqgIb3ttTQWgqVgebg,AIツールの達人,生成AIツール・サービスで無料から有料化したサービス比較【2025年5月最新】,6611,75,1,2025-05-03T08:24:40Z,2025-12-09 02:51:41,16500,0.4
MG7jSv4S_Gg,UC-6PArqgIb3ttTQWgqVgebg,AIツールの達人,ChatGPTのモデルごとの使い方・機能・特徴・料金など利用方法の徹底解説！,7102,466,0,2024-12-14T12:45:45Z,2025-12-09 02:51:41,16500,0.43
eAHTdgIrkhs,UC-6PArqgIb3ttTQWgqVgebg,AIツールの達人,ChatGPT “プロンプトエンジニアリング”入門。深津式＆シュンスケ式まで徹底解説！,5912,133,3,2025-01-12T08:05:56Z,2025-12-09 02:51:41,16500,0.36
T5hkWPQGd_E,UCRxPq02pjQS_ax60gcTSDHQ,AI仙人【AI歴10年】,生成AI使い一人で100人分働く社長の「非常識な仕事術」に密着したら、想像以上にラクに稼いでいた。,91328,2310,197,2025-10-26T12:01:46Z,2025-12-09 02:51:41,14700,6.21
7r3AD_E08iM,UCRxPq02pjQS_ax60gcTSDHQ,AI仙人【AI歴10年】,生成AIであらゆる自動化ツールを自在に作る男密着。YouTubeを始めた理由・思想も強くてエグい。,60195,1806,69,2025-11-14T13:35:34Z,2025-12-09 02:51:41,14700,4.09
Gn3O0Tq9kG0,UCRxPq02pjQS_ax60gcTSDHQ,AI仙人【AI歴10年】,生成AI使い一瞬で3000万稼ぐ業者や年収上げる会社員。現場で実際に見たケースを暴露する。,40381,978,64,2025-11-08T12:49:23Z,2025-12-09 02:51:41,14700,2.75
4yhXPLvRPfA,UCRxPq02pjQS_ax60gcTSDHQ,AI仙人【AI歴10年】,生成AI極めここまで未来を当ててきた男「この3年で人間は二極化される」,17569,514,53,2025-11-21T12:05:23Z,2025-12-09 02:51:41,14700,1.2
Fth5Qlcnp7M,UCRxPq02pjQS_ax60gcTSDHQ,AI仙人【AI歴10年】,【初心者卒業】生成AI学ぶならまずはコレ！「一生使える」正しいAI活用の基礎講座,10995,474,42,2025-12-05T12:31:17Z,2025-12-09 02:51:41,14700,0.75
qiUdafY76vA,UCvHpETRVi1tXeRJoYiXHJqw,まさおAIじっくり解説ch,【学生・ビジネスマン必見】GoogleのNotebookLMは無料で使えるのにマジで便利！Gemini2.0でより使いやすく！,100032,0,15,2025-02-15T13:27:46Z,2025-12-09 02:51:42,14100,7.09
Pc1xz5TKq7c,UCvHpETRVi1tXeRJoYiXHJqw,まさおAIじっくり解説ch,Cursorエディタ、開発するなら絶対に使うべき理由3選 #coding #programming #ai  #chatgpt,55739,0,18,2025-01-20T03:00:25Z,2025-12-09 02:51:42,14100,3.95
T_kq2Nn7bxk,UCvHpETRVi1tXeRJoYiXHJqw,まさおAIじっくり解説ch,MCPサーバーを入れるなら、とりあえずこれを入れておこう！おすすめ3選,40656,0,6,2025-03-28T09:05:00Z,2025-12-09 02:51:42,14100,2.88
OfodhtOBUrU,UCvHpETRVi1tXeRJoYiXHJqw,まさおAIじっくり解説ch,Geminiの最強な活用方法を3つ紹介します！あなたはちゃんと使えていますか？,36159,252,2,2025-04-03T23:45:02Z,2025-12-09 02:51:42,14100,2.56
Z5YT7DqE_6M,UCvHpETRVi1tXeRJoYiXHJqw,まさおAIじっくり解説ch,【全て終了】新感覚AIエディタ『Antigravity』を解説！全部の良いところを進化させたSS級の最高ツールでした,21953,439,56,2025-11-19T10:10:00Z,2025-12-09 02:51:42,14100,1.56
R9mzOdwX9gM,UCvHpETRVi1tXeRJoYiXHJqw,まさおAIじっくり解説ch,【最強確定】Gemini 3.0 Proが次元違いすぎたので徹底解説！他AIより頭2つ抜けてました,19762,364,67,2025-11-18T21:45:02Z,2025-12-09 02:51:42,14100,1.4
cnLE2bbi1i0,UCvHpETRVi1tXeRJoYiXHJqw,まさおAIじっくり解説ch,Googleの新ワークフローAI「Opal」が遂に公開されたので徹底解説！実際に使ってみると最高でした,13646,219,9,2025-10-09T10:00:58Z,2025-12-09 02:51:42,14100,0.97
CQ5gNYZuP_s,UCvHpETRVi1tXeRJoYiXHJqw,まさおAIじっくり解説ch,MCPの進化が凄い！最近登場して注目したいMCPサーバー3選,19801,326,3,2025-04-30T11:00:20Z,2025-12-09 02:51:42,14100,1.4
VKrQgd7Dfdo,UCvHpETRVi1tXeRJoYiXHJqw,まさおAIじっくり解説ch,【有料級】OpenAIのCodexを全力徹底解説！この一本で全てが分かります,13133,255,27,2025-09-19T09:45:07Z,2025-12-09 02:51:42,14100,0.93
5eFwDM56kf0,UCvHpETRVi1tXeRJoYiXHJqw,まさおAIじっくり解説ch,【最上モデル】Gemini CLIが登場し、無料枠も大きく界隈がお祭りに！実際のところどう？使ってみた感想を解説,12325,183,26,2025-06-25T21:45:02Z,2025-12-09 02:51:42,14100,0.87
SrCTg99DxuE,UC6eCFcJpPFNP_P6Y0bKHqKg,taishiyade@元シリコンバレーCTO,【Readdy.ai】1クリックでWordPressより10倍簡単なAIウェブ制作ツールを試してみた,51277,1534,43,2025-06-10T09:00:42Z,2025-12-09 02:51:42,13600,3.77
kzPOe18kqwE,UC6eCFcJpPFNP_P6Y0bKHqKg,taishiyade@元シリコンバレーCTO,AIでアプリ作って収益化するバイブコーディングで個人開発する方法,34424,1069,44,2025-04-19T08:59:47Z,2025-12-09 02:51:42,13600,2.53
Ekqm6GYmHhY,UC6eCFcJpPFNP_P6Y0bKHqKg,taishiyade@元シリコンバレーCTO,AIで誰でもアプリ開発可能なやり方を完全解説【Bolt.newでVibe Coding】,27045,768,52,2025-04-20T08:00:16Z,2025-12-09 02:51:42,13600,1.99
Xqghq4UssKk,UC6eCFcJpPFNP_P6Y0bKHqKg,taishiyade@元シリコンバレーCTO,【2025年版】人気ヘッドセットを検証してマイク音質を徹底比較してみた結果... 【Airpods要注意】,24548,241,29,2025-07-13T09:00:41Z,2025-12-09 02:51:42,13600,1.8
lIxwDUJCS3o,UC6eCFcJpPFNP_P6Y0bKHqKg,taishiyade@元シリコンバレーCTO,アプリとWEB開発、未経験者はどっちから始めるべき？#スタートアップ #エンジニア #ソフトウェア #マーケティング #マネタイズ #アプリ開発 #駆け出しyoutuber #駆け出しエンジニア,26956,588,19,2025-03-15T09:42:03Z,2025-12-09 02:51:42,13600,1.98
8T88_HKShbs,UC6eCFcJpPFNP_P6Y0bKHqKg,taishiyade@元シリコンバレーCTO,AI音声入力『Aqua Voice』が最高すぎたので即課金した,19762,431,29,2025-05-03T04:46:23Z,2025-12-09 02:51:42,13600,1.45
m0wEeL7pYEA,UC6eCFcJpPFNP_P6Y0bKHqKg,taishiyade@元シリコンバレーCTO,【完全版】アプリ収益化でコレ知らないと失敗します【儲かるカテゴリは〇〇】,19411,673,35,2025-04-13T09:42:41Z,2025-12-09 02:51:42,13600,1.43
ho5qD45ewUc,UC6eCFcJpPFNP_P6Y0bKHqKg,taishiyade@元シリコンバレーCTO,『FOSMET REC10』試してみた！割引コード『TAISHIJADE7』で10%OFFになるよ(期間：8/1~10/31)※ Amazon店舗のみ割引[商品提供PR]#FOSMET #REC10,37859,462,2,2025-08-05T08:05:45Z,2025-12-09 02:51:42,13600,2.78
KtNIUA74Y-I,UC6eCFcJpPFNP_P6Y0bKHqKg,taishiyade@元シリコンバレーCTO,アプリ作って最速で10万円稼ぐオススメの戦略#エンジニア #個人開発 #収益化 #アプリ開発 #シリコンバレー #ビジネス #アメリカ #マーケティング #SNS運用 #グローバル,27626,630,3,2025-07-08T06:41:54Z,2025-12-09 02:51:42,13600,2.03
V2UABV17cKA,UC6eCFcJpPFNP_P6Y0bKHqKg,taishiyade@元シリコンバレーCTO,話題の完全無料AIエディタTraeを試してみた結果...,14551,375,44,2025-04-29T08:30:30Z,2025-12-09 02:51:42,13600,1.07
LS_MazAo73w,UC8FwuifT73FtnO93ZUNSoLg,ダイさん・AI活用の専門家,【神回】最強のGoogle無料AI「NotebookLM」の機能と使い方をこの動画1本で完全理解！話題の議事録作成も紹介【AIノートアプリ】,191960,2858,55,2025-06-28T11:00:39Z,2025-12-09 02:51:42,13100,14.65
Ef25Un9VHxM,UC8FwuifT73FtnO93ZUNSoLg,ダイさん・AI活用の専門家,【衝撃】NotebookLM + Gemini 2.5 Proを使って業務の生産性を爆上げする禁断テクニックを徹底解説【業務効率化】,86499,1871,30,2025-07-19T11:00:32Z,2025-12-09 02:51:42,13100,6.6
d_aboNW6lsg,UC8FwuifT73FtnO93ZUNSoLg,ダイさん・AI活用の専門家,【これが無料？】GeminiのNano Bananaが無料で凄すぎ！革命的すぎる活用例まで徹底解説！,51218,825,37,2025-09-27T11:01:13Z,2025-12-09 02:51:42,13100,3.91
yd-bpNe3Axg,UC8FwuifT73FtnO93ZUNSoLg,ダイさん・AI活用の専門家,【生成AI】超初心者OK!「Gemini」をもっと使いこなすための使い方・基礎をわかりやすく解説！【完全マスター】,44594,515,13,2025-07-12T11:01:39Z,2025-12-09 02:51:42,13100,3.4
5TDB0gIoSQs,UC8FwuifT73FtnO93ZUNSoLg,ダイさん・AI活用の専門家,【無料AI】全部無料で使えるGoogle AI Studioがヤバすぎる！新機能も凄すぎるから全て紹介します！【スマホでもOK】,38603,856,25,2025-08-02T11:00:15Z,2025-12-09 02:51:42,13100,2.95
nw4GQKHoB98,UC8FwuifT73FtnO93ZUNSoLg,ダイさん・AI活用の専門家,【ChatGPT超え】Geminiのおすすめ神機能５選！あまり知られていない使い方も紹介します！【Google AI Studio】,29864,475,17,2025-10-26T11:01:25Z,2025-12-09 02:51:42,13100,2.28
GD4cpb8LXxQ,UC8FwuifT73FtnO93ZUNSoLg,ダイさん・AI活用の専門家,【革命】Googleの最強無料AIに仕事を丸投げ！作業効率を爆上げするNotebookLMの裏ワザ活用３つ【業務効率化】,24899,502,12,2025-10-19T11:00:22Z,2025-12-09 02:51:42,13100,1.9
ntWU3RfflSs,UC8FwuifT73FtnO93ZUNSoLg,ダイさん・AI活用の専門家,【パワポ不要】最強レベルの資料作成AI「Genspark 」で生産性が爆上がりする使い方を徹底解説します！【業務効率化】,12468,230,24,2025-06-21T11:01:25Z,2025-12-09 02:51:42,13100,0.95
cWq1Q6-TnrI,UC8FwuifT73FtnO93ZUNSoLg,ダイさん・AI活用の専門家,無料で今一番使える話題のAIツール『Manus』の神機能・使い方・具体的な活用法を紹介します！【AIエージェント】,9871,249,8,2025-09-13T11:01:05Z,2025-12-09 02:51:42,13100,0.75
A7rs4WuRNA8,UC8FwuifT73FtnO93ZUNSoLg,ダイさん・AI活用の専門家,【誰も知らない】ChatGPTを天才にさせる最強プロンプト！生産性が爆上がりする指示出しを徹底解説します！【プロンプト記号】,9284,331,24,2025-11-22T11:00:23Z,2025-12-09 02:51:42,13100,0.71
UxD-cbNi4Kc,UCQS_En3RoNVc4z-77tEkzaA,たくむ【AI効率化】,【Windows神機能】Copilotを使って現場で使えるスライド資料を作る方法を解説します。,410493,3296,22,2025-07-09T10:00:59Z,2025-12-09 02:51:42,12700,32.32
vri3RfONGfM,UCQS_En3RoNVc4z-77tEkzaA,たくむ【AI効率化】,【2025年最新】Geminiでパワポ・スライド資料を爆速作成する裏ワザを解説します,161099,3517,38,2025-09-07T10:01:24Z,2025-12-09 02:51:42,12700,12.68
gU6ZeEpKrAY,UCQS_En3RoNVc4z-77tEkzaA,たくむ【AI効率化】,【コピペOK】GeminiのAIスライド資料作成が超簡単になったので解説します。,4824,91,0,2025-09-17T10:01:13Z,2025-12-09 02:51:42,12700,0.38
-_SWQ9fFygA,UCQS_En3RoNVc4z-77tEkzaA,たくむ【AI効率化】,【隠れ神AI】Copilot×Wordで資料作成したらスゴすぎたのでやり方を解説します,3431,38,0,2025-10-01T10:00:01Z,2025-12-09 02:51:42,12700,0.27
NWRKjKabZ3Y,UCQS_En3RoNVc4z-77tEkzaA,たくむ【AI効率化】,【AI活用術】スプレッドシート作業をGeminiで10倍効率化する方法を解説します,2730,57,2,2025-08-30T10:00:39Z,2025-12-09 02:51:42,12700,0.21
9HopfxlcK_M,UCQS_En3RoNVc4z-77tEkzaA,たくむ【AI効率化】,【Geminiだけで作れる】Google最強AIのパワポ・スライド作成の進化がスゴすぎたので解説します,2629,61,5,2025-12-02T10:00:14Z,2025-12-09 02:51:42,12700,0.21
EnvLWLtl3S0,UCQS_En3RoNVc4z-77tEkzaA,たくむ【AI効率化】,【もう残業ゼロ】CopilotでExcel業務を一瞬で終わらせる方法を解説します,1837,30,1,2025-09-24T10:00:34Z,2025-12-09 02:51:42,12700,0.14
eXrmrKcfokA,UCQS_En3RoNVc4z-77tEkzaA,たくむ【AI効率化】,【今日から使える】AIのプロンプトはコレさえ押さえればOK！書き方のコツ・テクニックを解説します,1520,39,0,2025-10-16T10:01:18Z,2025-12-09 02:51:42,12700,0.12
b8_3CcKiL-Y,UCQS_En3RoNVc4z-77tEkzaA,たくむ【AI効率化】,【無料最強AI】「Nano Banana」を使ったスライド資料作成方法がヤバすぎたので徹底解説します,1485,21,0,2025-10-29T10:01:12Z,2025-12-09 02:51:42,12700,0.12
SFYPyx1B0Nc,UCQS_En3RoNVc4z-77tEkzaA,たくむ【AI効率化】,【AIガチ勢が教える】Geminiで業務を超効率化する活用術7選,970,21,0,2025-11-06T10:00:55Z,2025-12-09 02:51:42,12700,0.08
aRC6iTIPZ-4,UC4nPvEed6-yII4LNxml8r_w,あやや の ITスキルアップ塾,【Gemini】Googleカレンダーの最強活用法！AIでスケジュール管理が変わる📅✨,97472,1255,52,2025-02-11T09:00:01Z,2025-12-09 02:51:43,11300,8.63
rYcpCcRn6p8,UC4nPvEed6-yII4LNxml8r_w,あやや の ITスキルアップ塾,2025年の最強ツール！GoogleのAI『NotebookLM』を完全解説【この動画で使い方をマスター】,66033,1050,26,2025-01-16T09:00:54Z,2025-12-09 02:51:43,11300,5.84
C0ZWKPEEgnA,UC4nPvEed6-yII4LNxml8r_w,あやや の ITスキルアップ塾,毎回プロンプトを打たなくていい！Gemini「Gem」で自分だけのAIを作る方法🪄,32756,521,6,2025-02-20T09:00:13Z,2025-12-09 02:51:43,11300,2.9
RdcuCf0SlZE,UC4nPvEed6-yII4LNxml8r_w,あやや の ITスキルアップ塾,🔰Googleサイトで簡単ホームページ作成！テンプレート活用から公開まで徹底解説,22522,374,18,2024-12-06T09:00:27Z,2025-12-09 02:51:43,11300,1.99
gH-_mZIpC8g,UC4nPvEed6-yII4LNxml8r_w,あやや の ITスキルアップ塾,3分でわかる！スプレッドシートでGeminiを使いこなす方法,21436,320,6,2025-02-05T09:00:47Z,2025-12-09 02:51:43,11300,1.9
WLiAIQ6CvnE,UC4nPvEed6-yII4LNxml8r_w,あやや の ITスキルアップ塾,日本語対応！Googleスライド×Geminiでスライド作成してみた！【徹底解説】,18185,244,6,2025-03-28T09:00:41Z,2025-12-09 02:51:43,11300,1.61
zYUm2mLmvm8,UC4nPvEed6-yII4LNxml8r_w,あやや の ITスキルアップ塾,AI初心者必見🔰Google AI Studio活用術！AIとリアルタイム共同作業がすごすぎた,17516,316,4,2025-03-13T09:01:12Z,2025-12-09 02:51:43,11300,1.55
_StlA_OhuKw,UC4nPvEed6-yII4LNxml8r_w,あやや の ITスキルアップ塾,Googleのノーコードツール「AppSheet」で旅のしおりを作ってみよう！【動画をみながら作れる】,16632,199,7,2023-08-07T09:00:21Z,2025-12-09 02:51:43,11300,1.47
oGA_iEOcMXg,UC4nPvEed6-yII4LNxml8r_w,あやや の ITスキルアップ塾,AppSheetで自分だけの家計簿アプリを作ろう！【動画をみながら作れる】,16150,234,12,2024-02-05T10:00:35Z,2025-12-09 02:51:43,11300,1.43
dMd4zKsK_v4,UC4nPvEed6-yII4LNxml8r_w,あやや の ITスキルアップ塾,【1本でわかる】Gemini完全攻略！使い方マスター（2.5 Pro・Gem・Deep Research・Canvas全部解説）,13784,250,7,2025-04-15T09:00:57Z,2025-12-09 02:51:43,11300,1.22
mpsjdWyuXWo,UCvHWXCArRIMGcIpoQCUfaXA,スマート仕事術研究所【スマ研】,【9割の社長が熱望】万能AIエージェントに仕事を丸投げする方法|n8n,394009,9722,170,2025-04-13T09:45:31Z,2025-12-09 02:51:43,9980,39.48
2U3AU8EUQJg,UCvHWXCArRIMGcIpoQCUfaXA,スマート仕事術研究所【スマ研】,無料のAI秘書、作り方公開中！ #chatgpt #itツール#AI,1627,18,1,2025-05-12T07:57:43Z,2025-12-09 02:51:43,9980,0.16
UdBcqJIgsb0,UCfElKzihodObRfXusuixUPw,ぶべの開発日記,AIコードエディタ、Cursorの特に便利な機能を2つ紹介🧑‍💻,55621,1598,43,2024-09-09T07:15:07Z,2025-12-09 02:51:43,9810,5.67
DlAuhDfGpjw,UCfElKzihodObRfXusuixUPw,ぶべの開発日記,個人開発の楽しさ,35174,1008,65,2024-12-10T01:20:32Z,2025-12-09 02:51:43,9810,3.59
xLiFf9FM1rw,UCfElKzihodObRfXusuixUPw,ぶべの開発日記,個人開発でよく使うサービス５選,33786,1227,36,2025-02-13T08:04:58Z,2025-12-09 02:51:43,9810,3.44
BJSMev8F5rw,UCfElKzihodObRfXusuixUPw,ぶべの開発日記,【個人開発】おすすめの開発手順,31168,1302,41,2024-12-29T11:11:34Z,2025-12-09 02:51:43,9810,3.18
427V5zS2oqM,UCfElKzihodObRfXusuixUPw,ぶべの開発日記,未経験からフロントエンドエンジニアになるための学習ロードマップ👨‍💻#プログラミング #プログラミング学習 #エンジニア #エンジニア転職,34717,1202,89,2024-08-21T11:37:39Z,2025-12-09 02:51:43,9810,3.54
EsF1e5sILRQ,UCfElKzihodObRfXusuixUPw,ぶべの開発日記,自分が使いたいものを作ったら商品になって売れた😌 #webアプリケーション #webアプリ開発 #個人開発,43006,730,17,2025-04-06T04:55:16Z,2025-12-09 02:51:43,9810,4.38
u_JKcfNl7Ko,UCfElKzihodObRfXusuixUPw,ぶべの開発日記,個人開発で人生が変わった話,15138,384,19,2025-01-14T02:08:30Z,2025-12-09 02:51:43,9810,1.54
Biz1aXuGyZM,UCfElKzihodObRfXusuixUPw,ぶべの開発日記,【AI時代】個人開発の流れ,14906,477,9,2025-09-21T08:00:24Z,2025-12-09 02:51:43,9810,1.52
Mhmio9OOiSw,UCfElKzihodObRfXusuixUPw,ぶべの開発日記,【AI駆動開発】必要な事前知識,13888,373,15,2025-05-15T08:00:23Z,2025-12-09 02:51:43,9810,1.42
zdcx3utEqeA,UCfElKzihodObRfXusuixUPw,ぶべの開発日記,個人開発サービスのマネタイズ方法,13756,386,13,2025-05-11T08:01:08Z,2025-12-09 02:51:43,9810,1.4
KQEk58vXVUc,UC33i4L38BFXWc2DDFv0n29Q,Oh my week,元慶應COO60億企業の右腕、残業200時間の鬼ハードワーク　#経営者　#起業　#ハードワーク,559779,952,43,2025-08-08T23:10:00Z,2025-12-09 02:51:44,9420,59.42
-1MhAmFi0Tw,UC33i4L38BFXWc2DDFv0n29Q,Oh my week,【トップ経営者も使うAI】DeNA南場智子氏の情報収集術を再現！NotebookLMのリアルな使い方を年商30億円CEOが解説,87125,1406,29,2025-02-28T14:22:05Z,2025-12-09 02:51:44,9420,9.25
CsSWQyIc-r4,UC33i4L38BFXWc2DDFv0n29Q,Oh my week,【非エンジニアのCursor活用術】超必見！話題のAIコードエディタを徹底解剖！年商30億円CEOが最近ハマっているAI系YouTube「ジェネトピ」コンビが活用例まで解説！,36655,822,15,2025-06-27T14:46:47Z,2025-12-09 02:51:44,9420,3.89
Us5ZTWpVSbo,UC33i4L38BFXWc2DDFv0n29Q,Oh my week,元慶應COO、60億企業の右腕　#経営者　#起業　#ハードワーク,54495,107,0,2025-08-08T23:00:39Z,2025-12-09 02:51:44,9420,5.79
1xxEqOWix9A,UC33i4L38BFXWc2DDFv0n29Q,Oh my week,年商60億企業の頭脳派No.2、朝昼抜きの限界食生活　#経営者　#起業　#ハードワーク,48491,77,5,2025-08-10T00:05:00Z,2025-12-09 02:51:44,9420,5.15
5MAD3QEBCis,UC33i4L38BFXWc2DDFv0n29Q,Oh my week,"【OpenAI創業者愛用ペン】サム・アルトマンが""世界一“と認めたボールペンとは？世界を動かす男の思考術を年商30億円CEOが解説「uni-ball(ユニボール)、無印良品」",24532,268,9,2025-05-20T23:32:46Z,2025-12-09 02:51:44,9420,2.6
0sfsgzrRLPc,UC33i4L38BFXWc2DDFv0n29Q,Oh my week,商品企画の新時代！年商30億円CEOがAIを駆使して市場調査からPV作成まで30分でやってみた！,21774,747,23,2025-01-12T22:00:01Z,2025-12-09 02:51:44,9420,2.31
tl7PEKtNGcc,UC33i4L38BFXWc2DDFv0n29Q,Oh my week,Magic Mouseの超進化系？「マウス＋トラックパッド＋テンキー」が1つになった カスタマイズ無限の『Melt Mouse（メルトマウス）』実機触ってきた,18277,221,20,2025-12-01T10:01:36Z,2025-12-09 02:51:44,9420,1.94
Xmf4SqYcppc,UC33i4L38BFXWc2DDFv0n29Q,Oh my week,【初公開】Oh my teethを入社後1年で400%成長させたCMOに初密着したら、若手育成の環境がエグかった,15166,130,14,2025-07-30T10:00:32Z,2025-12-09 02:51:44,9420,1.61
IMRAKLApd98,UC33i4L38BFXWc2DDFv0n29Q,Oh my week,元慶應COO60億企業の右腕はカメラ前で強がるかわいい天才。　#経営者　#起業　#ハードワーク,21270,19,1,2025-08-09T00:00:32Z,2025-12-09 02:51:44,9420,2.26
ao2SOHszxa8,UCPmTf7gZcJD9Fk6t781ZO2Q,としのフリーランス養成所,LPやHPを一瞬で制作できる神AIツールで具体的なWEB制作方法を紹介！独自ドメインに公開まで教えます【Dora AI × ChatGPT】,31642,753,17,2025-05-24T11:00:04Z,2025-12-09 02:51:44,5840,5.42
GGFpB-4XPVU,UCPmTf7gZcJD9Fk6t781ZO2Q,としのフリーランス養成所,【業務効率化】Gemini 2.5 Proが最強！便利なAI活用法でWebサイトが一瞬で制作できる！コーディング能力がヤバい進化！【WEB制作】,23920,646,24,2025-06-14T11:00:25Z,2025-12-09 02:51:44,5840,4.1
7SFzw0OkFR4,UCPmTf7gZcJD9Fk6t781ZO2Q,としのフリーランス養成所,【知らないと損】ノーコードWEB制作で月30万円稼ぐ5ステップロードマップ,23514,528,21,2023-05-13T11:00:12Z,2025-12-09 02:51:44,5840,4.03
rwSwzdYdSRY,UCPmTf7gZcJD9Fk6t781ZO2Q,としのフリーランス養成所,【衝撃】Readdy.aiが最強！WordPressより10倍簡単なAI活用でWebサイト制作を試してみた！【実践】,23247,767,72,2025-07-19T11:01:19Z,2025-12-09 02:51:44,5840,3.98
SQoYDexAfWw,UCPmTf7gZcJD9Fk6t781ZO2Q,としのフリーランス養成所,【完全版】WEB制作ロードマップ 副業10万円独学10ステップ※初心者必見,17463,489,18,2023-03-11T11:00:18Z,2025-12-09 02:51:44,5840,2.99
aYSzUETKimw,UCPmTf7gZcJD9Fk6t781ZO2Q,としのフリーランス養成所,【衝撃】AI活用して一件50万！爆速のWeb制作を特別公開します【Claude Figma Studio】,16229,560,25,2025-07-13T11:00:04Z,2025-12-09 02:51:44,5840,2.78
NPdp8hs6OfM,UCPmTf7gZcJD9Fk6t781ZO2Q,としのフリーランス養成所,【衝撃】新しいGoogleの無料AIツール「Stitch」でUIデザインは20秒で完成する【WEB制作】,13702,414,3,2025-09-27T11:00:42Z,2025-12-09 02:51:44,5840,2.35
G9HbA_Xzdtw,UCPmTf7gZcJD9Fk6t781ZO2Q,としのフリーランス養成所,【実践】LPやHPを爆速で制作できる最強AIツール7選を徹底比較！◯◯使うとWeb制作は秒で終わる【Claude Gemini Readdy v0 Bolt manus create 】,8060,198,7,2025-08-09T11:00:35Z,2025-12-09 02:51:44,5840,1.38
fDC8FkR-Czw,UCPmTf7gZcJD9Fk6t781ZO2Q,としのフリーランス養成所,【Google最強AI】「NotebookLM」でWebサイト制作する衝撃的な使い方を徹底解説します！【WEB制作】,6694,200,4,2025-11-16T11:01:14Z,2025-12-09 02:51:44,5840,1.15
icNL_mRCO1o,UCPmTf7gZcJD9Fk6t781ZO2Q,としのフリーランス養成所,WordPressテーマSWELLでWebサイトを作る方法7ステップを初心者も簡単にできる使い方を実践動画で完全解説【ノーコードWEB制作】,5219,113,11,2024-08-17T02:59:00Z,2025-12-09 02:51:44,5840,0.89
qwr0ho4tgkU,UCoY_sFxwRUcwzQU74ofqQWg,ジェネトピ | AIラジオ,【生成AIラジオ】初心者でも分かる！生成AIの基本「Attention Is All You Need」,53,2,0,2025-06-02T12:50:18Z,2025-12-09 02:51:44,1,53.0
CkrrDvhQSOQ,UCjQ3Ha4-lnsXchctRKU53lQ,Kyohei - OSS 外資IT,外資ITエンジニアが語る バイブコーディングで気をつけるべきセキュリティ,19065,686,63,2025-07-26T10:04:15Z,2025-12-09 02:51:44,4630,4.12
-8xmybsv_mE,UCjQ3Ha4-lnsXchctRKU53lQ,Kyohei - OSS 外資IT,外資ITエンジニアの学習リソース｜無料コンテンツ2選+技術書3選,12169,470,24,2025-11-27T03:22:15Z,2025-12-09 02:51:44,4630,2.63
8OkK6RCuzOs,UCjQ3Ha4-lnsXchctRKU53lQ,Kyohei - OSS 外資IT,外資エンジニアのAIコーディングはこんな感じ ─ ツール編 ─【1/2】,10313,290,15,2025-03-29T01:00:06Z,2025-12-09 02:51:44,4630,2.23
al883vMxfDU,UCjQ3Ha4-lnsXchctRKU53lQ,Kyohei - OSS 外資IT,【ChatGPT Atlas】AI搭載Webブラウザは「無法地帯」ハッキング手法を外資ITエンジニアが解析,8438,274,16,2025-10-29T02:55:19Z,2025-12-09 02:51:44,4630,1.82
eezTO5uRoCk,UCjQ3Ha4-lnsXchctRKU53lQ,Kyohei - OSS 外資IT,【Amazon Black Friday】外資ITエンジニアが全人類におすすめする生産性爆上げアイテム,7180,180,7,2025-11-20T15:01:18Z,2025-12-09 02:51:44,4630,1.55
npDYcL59Ds8,UCjQ3Ha4-lnsXchctRKU53lQ,Kyohei - OSS 外資IT,【Anthropic公式レポート解説】初めて報告されたAI主導のサイバースパイ活動について,6938,206,16,2025-11-23T02:50:50Z,2025-12-09 02:51:44,4630,1.5
DcbRbzEbiic,UCjQ3Ha4-lnsXchctRKU53lQ,Kyohei - OSS 外資IT,【npm install したら終了】 史上最悪の自己複製ワーム Shai-Hulud 2.0 解説,7181,195,13,2025-11-28T05:57:34Z,2025-12-09 02:51:44,4630,1.55
QPH-fWKZ6NU,UCjQ3Ha4-lnsXchctRKU53lQ,Kyohei - OSS 外資IT,React Inspector,6649,0,0,2022-09-05T04:52:00Z,2025-12-09 02:51:44,4630,1.44
sCh65_DtNjk,UCjQ3Ha4-lnsXchctRKU53lQ,Kyohei - OSS 外資IT,【登録者10万人 TECH WORLD 市川と外資ITエンジニアが語る】 最新 エンジニアのための情報発信,4292,88,13,2025-09-12T12:26:26Z,2025-12-09 02:51:44,4630,0.93
6l7aZ07WptE,UCjQ3Ha4-lnsXchctRKU53lQ,Kyohei - OSS 外資IT,【これ1本で分かる】ゼロからアプリのセキュリティテストをする方法,4076,227,6,2025-09-29T05:12:49Z,2025-12-09 02:51:44,4630,0.88
Aszx60yIXUI,UCSWagA2ldGIvlkip01H--dg,AIチュートリアル | いしだ,【誰でも簡単に理解】Difyで使える基礎ブロック9パターンでできること解説 【Dify講座】,22621,410,39,2024-06-01T08:00:05Z,2025-12-09 02:51:45,3510,6.44
LSM3RIySI7c,UCSWagA2ldGIvlkip01H--dg,AIチュートリアル | いしだ,【超簡単にアプリ作成】Dify完全攻略 【Dify講座】,11833,189,15,2024-05-14T10:17:28Z,2025-12-09 02:51:45,3510,3.37
z9JMbYMGBt8,UCSWagA2ldGIvlkip01H--dg,AIチュートリアル | いしだ,【Dify超完全攻略講座 Vol.01】Dify全体概要解説,8517,105,7,2024-11-16T08:00:47Z,2025-12-09 02:51:45,3510,2.43
blO9hKxtnGA,UCSWagA2ldGIvlkip01H--dg,AIチュートリアル | いしだ,【0から一撃でGASとDify】DifyとGASでススプレッドシート操作攻略,8230,145,26,2024-07-31T10:00:43Z,2025-12-09 02:51:45,3510,2.34
Th-Xr2zReFk,UCSWagA2ldGIvlkip01H--dg,AIチュートリアル | いしだ,【GPT Dify越え】Coze完全攻略,6414,131,35,2024-06-16T08:00:08Z,2025-12-09 02:51:45,3510,1.83
hSPIbImWB3M,UCSWagA2ldGIvlkip01H--dg,AIチュートリアル | いしだ,【Dify超完全攻略講座 Vol.09】【RAG構築も楽々】Dify 知識取得ブロック徹底攻略,5604,54,11,2024-12-26T09:00:42Z,2025-12-09 02:51:45,3510,1.6
RzfxuQWlN5Y,UCSWagA2ldGIvlkip01H--dg,AIチュートリアル | いしだ,【誰でも10分で】Dify3つの環境とローカル/AWS Lightsailで環境構築 【Dify講座】,5438,116,14,2024-05-23T08:02:00Z,2025-12-09 02:51:45,3510,1.55
weHO6W4MQLU,UCSWagA2ldGIvlkip01H--dg,AIチュートリアル | いしだ,【Dify超完全攻略講座 Vol.02】Dify概要徹底解説 【最強AIツールで何ができるのか？】,4957,86,4,2024-11-21T10:07:48Z,2025-12-09 02:51:45,3510,1.41
rX4iViwckXc,UCSWagA2ldGIvlkip01H--dg,AIチュートリアル | いしだ,【Dify超完全攻略講座 Vol.03】 Dify重要用語厳選16選 【知らないとオワコン】,4913,80,1,2024-11-23T08:00:39Z,2025-12-09 02:51:45,3510,1.4
cGI5ex5zMlM,UCSWagA2ldGIvlkip01H--dg,AIチュートリアル | いしだ,【Dify反復処理】待望のDify繰り返し機能 イテレーション 【Dify講座】,4591,67,1,2024-06-22T08:00:20Z,2025-12-09 02:51:45,3510,1.31
kCW5c5VThuo,UC8HllGWXajG0eF3WfZzwhmA,TomorrowProof / トゥモロープルーフ,【n8nを格安で！💰】ノーコードでAIエージェントを作る最強ソフトウェアn8nを超低コストで使用する方法,8368,218,26,2025-03-24T11:01:06Z,2025-12-09 02:51:45,2980,2.81
B8ICTrelqhE,UC8HllGWXajG0eF3WfZzwhmA,TomorrowProof / トゥモロープルーフ,"【1億円を作れる!?】バイブコーディングで ""スマホアプリ開発"" 完全ロードマップ",8204,257,13,2025-05-09T11:00:16Z,2025-12-09 02:51:45,2980,2.75
HmysmQSsn34,UC8HllGWXajG0eF3WfZzwhmA,TomorrowProof / トゥモロープルーフ,【日本初！？】ノーコードでAIエージェントを作る最強ソフトウェア n8n を徹底紹介！！,8011,195,16,2025-03-14T11:00:22Z,2025-12-09 02:51:45,2980,2.69
mz74-OZDvu4,UC8HllGWXajG0eF3WfZzwhmA,TomorrowProof / トゥモロープルーフ,【バイブコーディング完全版】デザインからデプロイまで、AIウェブ開発手順を徹底解説,6189,158,5,2025-03-27T11:01:00Z,2025-12-09 02:51:45,2980,2.08
oKUlyRIuVKw,UC8HllGWXajG0eF3WfZzwhmA,TomorrowProof / トゥモロープルーフ,【これで解決！？】AIエージェントをつなぐ次世代コネクタMCPの実力とは,4822,104,9,2025-04-04T11:01:10Z,2025-12-09 02:51:45,2980,1.62
VMWoCbf_aXQ,UC8HllGWXajG0eF3WfZzwhmA,TomorrowProof / トゥモロープルーフ,"【ボイスで届け!!】真の ""バイブコーディング"" を体験できる最強音声入力ツールとは?",3013,88,4,2025-05-02T11:01:01Z,2025-12-09 02:51:45,2980,1.01
FZdPJULO7bQ,UC8HllGWXajG0eF3WfZzwhmA,TomorrowProof / トゥモロープルーフ,【初心者必見】バイブコーディング、まずはこのツールを使え!!,2373,38,4,2025-05-20T11:00:33Z,2025-12-09 02:51:45,2980,0.8
8AVeB4VUd-Y,UC8HllGWXajG0eF3WfZzwhmA,TomorrowProof / トゥモロープルーフ,【超絶有能MCP】Supabase MCPで差をつけるバックエンド構築!!!!,2368,65,8,2025-05-27T11:00:15Z,2025-12-09 02:51:45,2980,0.79
Q4qjYaLffs4,UC8HllGWXajG0eF3WfZzwhmA,TomorrowProof / トゥモロープルーフ,【Waveに乗り遅れるな！】なぜすごいか、Windsurfの実力を徹底解説,2273,51,3,2025-03-20T11:00:30Z,2025-12-09 02:51:45,2980,0.76
Wbj_pQ0xbmI,UC8HllGWXajG0eF3WfZzwhmA,TomorrowProof / トゥモロープルーフ,【n8n】ノーコードでブログ作成エージェントを作ってみた。,2086,61,1,2025-03-31T11:00:29Z,2025-12-09 02:51:45,2980,0.7
a_JDue-SUpQ,UC8HllGWXajG0eF3WfZzwhmA,TomorrowProof / トゥモロープルーフ,【革命】最新Claude 4.0 をWindsurfで使う方法とは!?,2061,50,10,2025-06-03T11:00:04Z,2025-12-09 02:51:45,2980,0.69
_6S57QVVhck,UC8HllGWXajG0eF3WfZzwhmA,TomorrowProof / トゥモロープルーフ,【上級者向け!!】バイブコーディングでAIを正しく扱うためのMCPとは!?,1950,67,6,2025-05-06T11:01:02Z,2025-12-09 02:51:45,2980,0.65
pQXamXSzxiE,UC8HllGWXajG0eF3WfZzwhmA,TomorrowProof / トゥモロープルーフ,【これが新時代】Web開発を10倍効率よくする検索MCPとは！？,1859,53,7,2025-04-15T11:01:21Z,2025-12-09 02:51:45,2980,0.62
Za8slDyneAs,UC8HllGWXajG0eF3WfZzwhmA,TomorrowProof / トゥモロープルーフ,【バイブコーディング入門】 99%が知らない、今もっともHOTなプログラミング言語とは!?,1813,40,10,2025-04-29T11:00:54Z,2025-12-09 02:51:45,2980,0.61
TwUnGyHkBuA,UC8HllGWXajG0eF3WfZzwhmA,TomorrowProof / トゥモロープルーフ,【この波に乗れ!!】最強UI作成MCPを使って圧倒的なビジュアルウェブサイトを開発します！！,1769,40,6,2025-04-22T11:00:55Z,2025-12-09 02:51:45,2980,0.59
bb6g1jsETfI,UC8HllGWXajG0eF3WfZzwhmA,TomorrowProof / トゥモロープルーフ,【🈺 営業メール作成エージェント】AIと人間が成す圧倒的AIエージェント,1749,46,7,2025-04-07T11:00:49Z,2025-12-09 02:51:45,2980,0.59
pzEJH0FqKfM,UC8HllGWXajG0eF3WfZzwhmA,TomorrowProof / トゥモロープルーフ,たった一度のプロンプトで全て完了！話題のAI『Manus』がすごい理由,1671,21,1,2025-03-18T11:30:37Z,2025-12-09 02:51:45,2980,0.56
E6kmwhRP2Wc,UC8HllGWXajG0eF3WfZzwhmA,TomorrowProof / トゥモロープルーフ,【完全解説】最強AIツールWindsurf最新アップデートのブラウザはこう使え!!,1657,48,6,2025-06-17T15:00:17Z,2025-12-09 02:51:45,2980,0.56
n83wpHCDBFo,UC8HllGWXajG0eF3WfZzwhmA,TomorrowProof / トゥモロープルーフ,"【新時代ハッキング手口!?】バイブコーディング初心者が陥りやすい ""罠"" とAIを安全に扱う方法とは？",1608,45,7,2025-05-13T11:01:19Z,2025-12-09 02:51:45,2980,0.54
vsHcm8QFaXY,UC8HllGWXajG0eF3WfZzwhmA,TomorrowProof / トゥモロープルーフ,【初心者必見】バイブコーディング初心者でもこの手順でWebアプリ開発!!,1523,31,8,2025-05-30T11:01:39Z,2025-12-09 02:51:45,2980,0.51
iXkzo_VVGMc,UC8HllGWXajG0eF3WfZzwhmA,TomorrowProof / トゥモロープルーフ,【衝撃】市場調査から完全ビジュアルダッシュボードまでワンプロンプトで完成⁉︎,1421,39,6,2025-06-06T11:01:16Z,2025-12-09 02:51:45,2980,0.48
O6_I5vI7AN4,UC8HllGWXajG0eF3WfZzwhmA,TomorrowProof / トゥモロープルーフ,【神アプデ】この波を逃すな!! Windsurf が目指す圧倒的ユーザー視点のアップデートとは!?,1382,31,3,2025-05-16T11:00:44Z,2025-12-09 02:51:45,2980,0.46
LlJr59mbKbc,UC8HllGWXajG0eF3WfZzwhmA,TomorrowProof / トゥモロープルーフ,【爆速！スマホアプリ作成】Bolt.new 最新機能⚡️について徹底解説します。,1380,21,3,2025-02-25T12:00:30Z,2025-12-09 02:51:45,2980,0.46
MON8YbQhwDQ,UC8HllGWXajG0eF3WfZzwhmA,TomorrowProof / トゥモロープルーフ,【AIツール3選】デキる人は使ってる！？明日必ず自慢したくなる最新AIツール紹介！！,1277,33,1,2025-03-11T11:00:27Z,2025-12-09 02:51:45,2980,0.43
WHh6TJxSV6o,UC8HllGWXajG0eF3WfZzwhmA,TomorrowProof / トゥモロープルーフ,初心者でもプロに勝てるウェブ作成方法を教えます。Replit Agent × Windsurf 連結について徹底解説！🦮,1162,37,14,2025-03-01T11:42:37Z,2025-12-09 02:51:45,2980,0.39
Y5gsr8ynves,UCPZXI_bQhZpcUzDxBg_HCJg,ミナト【有益AI活用ch】,【完全版】2025年12月、AIスライド作成が革命的に変わる、プロの手順を全て見せます。,47814,1990,26,2025-12-03T12:30:50Z,2025-12-09 02:51:46,3580,13.36
czFGI69WEes,UCPZXI_bQhZpcUzDxBg_HCJg,ミナト【有益AI活用ch】,"【神回】最新Gemini3.0の「スライド作成」活用術&絶対に知っておくべき""超裏ワザ""を紹介",20840,466,8,2025-11-26T11:01:28Z,2025-12-09 02:51:46,3580,5.82
S874VKIfPko,UCPZXI_bQhZpcUzDxBg_HCJg,ミナト【有益AI活用ch】,【2025年12月最新】NotebookLM完全解説ガイド｜25分でサクッと理解！これ一本で全機能・使い方・活用法まるわかり【保存版】,4522,88,0,2025-11-29T20:45:01Z,2025-12-09 02:51:46,3580,1.26
iLwvlsoTRQ8,UCPZXI_bQhZpcUzDxBg_HCJg,ミナト【有益AI活用ch】,【超時短確定】最新生成AIで分析・集計・関数… Excel・スプシ業務全部を秒で終わらせる方法を限定公開します｜月次・KPI・予算を実演,2809,59,7,2025-12-07T12:15:06Z,2025-12-09 02:51:46,3580,0.78
Y_qqxJiwbZQ,UCPZXI_bQhZpcUzDxBg_HCJg,ミナト【有益AI活用ch】,【2025年11月最新】GeminiとNotebookLMの神連携ワザが最強すぎた。6時間かかったリサーチと資料作成がたった最速で終わる方法。,2384,28,4,2025-11-15T12:02:29Z,2025-12-09 02:51:46,3580,0.67
UxhAgPPDCgE,UCPZXI_bQhZpcUzDxBg_HCJg,ミナト【有益AI活用ch】,【知らないと大損】ChatGPTの性能を無料で10倍賢くする方法、こっそり教えます。,369,13,1,2025-11-13T11:30:35Z,2025-12-09 02:51:46,3580,0.1
WC7blKJEjKs,UCPZXI_bQhZpcUzDxBg_HCJg,ミナト【有益AI活用ch】,【AIプロが検証】Gemini最新「NanoBanana Pro」は本当に画像生成AIのトップか？最強の使い方まで全部見せます,244,8,2,2025-11-24T03:00:41Z,2025-12-09 02:51:46,3580,0.07
I6M3zx04XVc,UCPZXI_bQhZpcUzDxBg_HCJg,ミナト【有益AI活用ch】,【プロのガチ結論】「Atlas」 VS 「Comet」AIブラウザ最強決定戦！AIエージェント搭載ブラウザの最適解を徹底比較！！,193,2,1,2025-11-19T10:15:01Z,2025-12-09 02:51:46,3580,0.05
qIO48Zkm764,UCwpnuej7z7zpNfYMEDh2loQ,れん@AIでアプリ開発,【衝撃】 脱Notion→GeminiCLIとObsidianでテキスト生成・スライド生成・マインドマップ・思考整理全て可能,10521,222,4,2025-07-29T12:57:25Z,2025-12-09 02:51:46,813,12.94
rx-N8cEx2S8,UCwpnuej7z7zpNfYMEDh2loQ,れん@AIでアプリ開発,【徹底解説】Claude Code Action×バイブコーディングでAIアプリ開発革命！30分セットアップで人生が変わる最新AI開発術 #ai駆動開発,5857,125,0,2025-05-27T07:39:08Z,2025-12-09 02:51:46,813,7.2
ly7stXeQ2pc,UCwpnuej7z7zpNfYMEDh2loQ,れん@AIでアプリ開発,【実録新企画】ClaudeCodeでアプリ開発 30日間チャレンジ！1ヶ月で月収10万円収益化に成功するための全手法を完全公開 パート2 AIアプリ開発 #個人開発 #ai駆動開発,2204,53,6,2025-06-05T17:41:43Z,2025-12-09 02:51:46,813,2.71
yoNDufsSAKY,UCwpnuej7z7zpNfYMEDh2loQ,れん@AIでアプリ開発,【衝撃】万能AIエージェントで仕事が8割奪われる | SimAI | n8n,2028,55,10,2025-09-20T11:59:17Z,2025-12-09 02:51:46,813,2.49
QeXgIIMf-_M,UCwpnuej7z7zpNfYMEDh2loQ,れん@AIでアプリ開発,【徹底解説】今話題のClaudeCode × TraeでAI初心者でもたった30分でWEBアプリ開発完全攻略ガイドAIアプリ開発革命 #ai駆動開発 #個人開発,1758,35,2,2025-06-01T19:44:12Z,2025-12-09 02:51:46,813,2.16
3Fvxwry6FVE,UCwpnuej7z7zpNfYMEDh2loQ,れん@AIでアプリ開発,【神ワザ】最新版Geminiでパワポ不要!! スライド・資料作成が一瞬で終わる衝撃の3つの方法を徹底解説,1423,26,0,2025-08-21T09:49:00Z,2025-12-09 02:51:46,813,1.75
IjYB8hj4pLE,UCwpnuej7z7zpNfYMEDh2loQ,れん@AIでアプリ開発,【初心者でも余裕】バイブコーディングでたった3時間でウェブアプリが完成!? AIアプリ開発 #個人開発 #AI駆動開発,995,19,0,2025-05-19T09:11:31Z,2025-12-09 02:51:46,813,1.22
o9F_apffIYM,UCwpnuej7z7zpNfYMEDh2loQ,れん@AIでアプリ開発,【衝撃】パワポは時代遅れ！最新版 Gemini Canvasで最強のスライドを作る方法を徹底解説,909,12,0,2025-08-26T21:01:01Z,2025-12-09 02:51:46,813,1.12
lSZZNxfzDOE,UCwpnuej7z7zpNfYMEDh2loQ,れん@AIでアプリ開発,【神回】 最強AI秘書で仕事を丸投げ生産性10倍 NotionAIとObsidian Cursor ClaudeCode徹底解説,853,19,3,2025-10-08T13:15:55Z,2025-12-09 02:51:46,813,1.05
c7Ya8H5FFdM,UCwpnuej7z7zpNfYMEDh2loQ,れん@AIでアプリ開発,【革命AIアプリ開発】Claude 4 Sonnet × バイブコーディングでWebアプリ開発が激変！UIもコードも全自動の時代,751,10,0,2025-05-24T05:22:46Z,2025-12-09 02:51:46,813,0.92
A74NTehMnyE,UCVUzKOty5gHMAgHsoMc1_Hw,Yuta | AIにとことん触るチャンネル,【非エンジニアでもOK！】ObsidianとCursorを使って定期FBを行うAIエージェントを構築してみる｜生成AIエージェント入門,13505,354,10,2025-05-18T06:00:08Z,2025-12-09 02:51:46,751,17.98
N3A5HICHnCk,UCVUzKOty5gHMAgHsoMc1_Hw,Yuta | AIにとことん触るチャンネル,【ChatGPT/生成AI】絶対に使えるGPT-4o活用方法３選,12159,112,2,2025-03-31T08:00:26Z,2025-12-09 02:51:46,751,16.19
V_zF2Cm_UGo,UCVUzKOty5gHMAgHsoMc1_Hw,Yuta | AIにとことん触るチャンネル,【非エンジニアでもOK！】LINEから動くAI秘書の作り方｜生成AIエージェント入門,4090,135,11,2025-05-06T08:00:41Z,2025-12-09 02:51:46,751,5.45
MxcseJ9VICo,UCVUzKOty5gHMAgHsoMc1_Hw,Yuta | AIにとことん触るチャンネル,【個人開発】知識ゼロから生成AIを駆使してiOSアプリをデプロイした話｜BoltとCursorを使うべし！｜React Native × Expoで作るiOSアプリ,2316,72,1,2025-04-17T08:00:33Z,2025-12-09 02:51:46,751,3.08
pzBsDovoHsM,UCVUzKOty5gHMAgHsoMc1_Hw,Yuta | AIにとことん触るチャンネル,【学生無料！？】Cursorでプログラミング以外のタスクもやろう【非エンジニアこそ使うべき】,2255,45,3,2025-05-08T08:00:54Z,2025-12-09 02:51:46,751,3.0
iL2KPcJxNag,UCVUzKOty5gHMAgHsoMc1_Hw,Yuta | AIにとことん触るチャンネル,【やばすぎるAIツール】Readdy.aiの紹介｜Claudeでの出力結果と比較をしてみた！,1693,35,6,2025-07-01T08:01:02Z,2025-12-09 02:51:46,751,2.25
vHuzeaKbRoU,UCVUzKOty5gHMAgHsoMc1_Hw,Yuta | AIにとことん触るチャンネル,【生成AI】絶対に使った方がいいAIツール３選,3305,33,0,2025-04-08T08:00:55Z,2025-12-09 02:51:46,751,4.4
F4h7Uo1USFo,UCVUzKOty5gHMAgHsoMc1_Hw,Yuta | AIにとことん触るチャンネル,Felo AI｜スライド作成までできちゃうヤバすぎるAI検索ツール,1796,32,2,2024-10-13T09:00:24Z,2025-12-09 02:51:46,751,2.39
Qy6TyhtsMBs,UCVUzKOty5gHMAgHsoMc1_Hw,Yuta | AIにとことん触るチャンネル,【AIで議事録作成を自動化】会議の生産性が10倍になる、非エンジニア向け最強AI活用術３選,1127,27,6,2025-06-07T06:00:21Z,2025-12-09 02:51:46,751,1.5
OHNvpxHX8iQ,UCVUzKOty5gHMAgHsoMc1_Hw,Yuta | AIにとことん触るチャンネル,【非エンジニアでも簡単！】Difyで作るLINE AIチャットボット！｜プラグインで簡単にできる！？,1101,35,2,2025-06-28T08:00:33Z,2025-12-09 02:51:46,751,1.47
Avu9l37YBk0,UCKNiT_HYgBWMcFjaxZBpduQ,AIコーディング実況 / 三森一輝,【残酷な現実】オフショア開発は壊滅…ClaudeCode（AI駆動開発）の最強説について語ってみたら。,3356,45,21,2025-10-14T09:00:30Z,2025-12-09 02:51:47,526,6.38
n4ax0hpl81g,UCKNiT_HYgBWMcFjaxZBpduQ,AIコーディング実況 / 三森一輝,【やらなきゃ損】NotionからCursorに社内管理を変更した結果が革命的だった。,1968,47,2,2025-11-04T09:15:04Z,2025-12-09 02:51:47,526,3.74
5ne3zj961kM,UCKNiT_HYgBWMcFjaxZBpduQ,AIコーディング実況 / 三森一輝,【ClaudeCode敗北】Cursor Composerが神すぎたので比較したら衝撃の結果に,1823,33,6,2025-11-10T09:10:00Z,2025-12-09 02:51:47,526,3.47
2XVYO2el4EA,UCKNiT_HYgBWMcFjaxZBpduQ,AIコーディング実況 / 三森一輝,【乗換者続出】ClaudeCode信者がCursorComposerを徹底解説！スピードが衝撃だった。,1755,27,5,2025-11-13T09:00:09Z,2025-12-09 02:51:47,526,3.34
noz-nNaOlLQ,UCKNiT_HYgBWMcFjaxZBpduQ,AIコーディング実況 / 三森一輝,【注目】ClaudeCodeだけでプロダクトを作った結果が過酷すぎた。,1780,26,4,2025-12-05T11:01:09Z,2025-12-09 02:51:47,526,3.38
ySWi8wRDwyg,UCKNiT_HYgBWMcFjaxZBpduQ,AIコーディング実況 / 三森一輝,【有料級】ClaudeCodeでオリジナルデザインのサイトができないと悩んでいる方へ。,1479,36,0,2025-11-05T23:01:21Z,2025-12-09 02:51:47,526,2.81
SvPMeWPIhBg,UCKNiT_HYgBWMcFjaxZBpduQ,AIコーディング実況 / 三森一輝,【驚異のスピード】ClaudeCodeを使ってたった○日でAIプロダクトをリリース！,1452,33,0,2025-11-28T09:21:55Z,2025-12-09 02:51:47,526,2.76
mUsfGMt_rNQ,UCKNiT_HYgBWMcFjaxZBpduQ,AIコーディング実況 / 三森一輝,WordPressは古い！AI駆動開発(ClaudeCode)で管理画面を30分で作った結果,1404,19,10,2025-10-20T09:01:13Z,2025-12-09 02:51:47,526,2.67
kHDZvop6gAs,UCKNiT_HYgBWMcFjaxZBpduQ,AIコーディング実況 / 三森一輝,【比較動画】AI駆動開発は進化が早すぎて結局どれがいいのかわからないから検証,1389,20,0,2025-11-25T09:15:04Z,2025-12-09 02:51:47,526,2.64
DnTjmMOCK-o,UCKNiT_HYgBWMcFjaxZBpduQ,AIコーディング実況 / 三森一輝,AI駆動開発（ClaudeCode）はやめろ！タスク管理を作ろうとしたが、、、,1021,8,7,2025-10-22T09:00:30Z,2025-12-09 02:51:47,526,1.94
